Title;Link
Imprensa internacional repercute escândalo no futebol brasileiro;https://g1.globo.com/go/goias/noticia/2023/05/21/imprensa-internacional-repercute-escandalo-no-futebol-brasileiro-apos-manipulacao-de-resultados-com-esquema-de-apostas.ghtml
Instagram volta a funcionar depois de mais de uma hora fora do ar;https://g1.globo.com/tecnologia/noticia/2023/05/21/instagram-fica-fora-do-ar-neste-domingo.ghtml
Flamengo derrota o Corinthians com gol nos acréscimos;https://ge.globo.com/rj/futebol/brasileirao-serie-a/jogo/21-05-2023/flamengo-corinthians.ghtml
Com golaço de Suárez, Grêmio vence e afunda Inter na crise;https://ge.globo.com/rs/futebol/brasileirao-serie-a/jogo/21-05-2023/gremio-internacional.ghtml
Congresso vota nova regra fiscal e define plano de trabalho para 3 CPIs;https://g1.globo.com/politica/noticia/2023/05/21/congresso-tera-semana-com-cpis-e-votacao-do-novo-arcabouco-fiscal.ghtml
Autoridades atribuem a facções morte de pessoas que participavam de rali;https://g1.globo.com/mundo/noticia/2023/05/21/massacre-no-mexico-autoridades-atribuem-a-criminosos-morte-de-10-pessoas-que-participavam-de-rali.ghtml
Água da Fontana di Trevi é tingida de preto em ato pelo clima;https://g1.globo.com/mundo/noticia/2023/05/21/agua-da-fontana-di-trevi-escurece-em-protesto-pelo-clima-em-roma.ghtml
4 fatores que explicam a nova desaceleração econômica na Venezuela;https://www.bbc.com/portuguese/articles/cw4p2lxdyzjo
Como nossa mente nos faz repetir os erros e o que fazer para evitar isso;https://www.bbc.com/portuguese/articles/c4nw80547plo
O encontro entre Lula e Zelensky que não aconteceu - e mais 3 destaques da cúpula do G7;https://www.bbc.com/portuguese/articles/c51pe7vn9y5o
Vidro ou plástico: o que é melhor para o meio ambiente?;https://www.bbc.com/portuguese/articles/cev4zpvq952o
Japão vê seu pacifismo histórico em xeque diante de avanços de China e Coreia do Norte;https://www.bbc.com/portuguese/articles/cm5lgyr48vmo
O caos na economia mundial que viria com possível calote da dívida dos EUA;https://www.bbc.com/portuguese/articles/cd17p1lg21zo
‘Vim para desaparecer’: a perigosa cidade subterrânea onde vivem centenas de pessoas em Las Vegas;https://www.bbc.com/portuguese/articles/cx04wd9pw0yo
As armadilhas dos games para fazer crianças gastarem dinheiro sem parar;https://www.bbc.com/portuguese/articles/clw9xep49zgo
Para que serve a vitamina K, da coagulação ao envelhecimento saudável;https://www.bbc.com/portuguese/articles/c72zjr3vrv1o
4 pontos defendidos por Lula na cúpula do G7;https://www.bbc.com/portuguese/articles/c9762966ln4o
Brasil no G7: quatro prioridades e uma preocupação de Lula em viagem ao Japão;https://www.bbc.com/portuguese/articles/c84133nzj9do
Brasil no G7: como crise argentina pode ajudar Lula a se fortalecer como líder regional e global;https://www.bbc.com/portuguese/articles/c72z553dpz2o
Vídeo, Decisão 'arbitrária' ou 'irretocável'? O debate sobre cassação de Dallagnol, Duration 5,03;https://www.bbc.com/portuguese/brasil-65645112
As dicas de negociadores de paz para reconciliar Brasil polarizado;https://www.bbc.com/portuguese/articles/clk4jygg21po
Titanic: o que a 1ª varredura de imagem completa do naufrágio revelou;https://www.bbc.com/portuguese/articles/c29r2rn353po
A Bíblia leiloada por R$ 190 milhões que virou o manuscrito mais valioso do mundo;https://www.bbc.com/portuguese/articles/c9763nql6p1o
A mulher que fugiu pela floresta para salvar filhos de seita que levou mais de 200 à morte;https://www.bbc.com/portuguese/articles/cxwp1wkzw70o
Polícia usa arma de choque contra mulher de 95 anos em casa de repouso e causa revolta na Austrália;https://www.bbc.com/portuguese/articles/c3g92gpd2xyo
O que se sabe sobre crianças desaparecidas após queda de avião na Colômbia;https://www.bbc.com/portuguese/articles/c03727l39nxo
‘Não podemos fazer nada a não ser ver os bebês morrerem’: o colapso de hospitais no Afeganistão;https://www.bbc.com/portuguese/articles/czvk2dz055qo
Vídeo, O meio milhão de crianças sem comida e educação no maior campo de refugiados do mundo, Duration 2,30;https://www.bbc.com/portuguese/internacional-65645115
Vídeo, Como lei que inspirou Deltan Dallagnol levou à sua cassação, Duration 5,24;https://www.bbc.com/portuguese/brasil-65632368
Algumas pessoas são mais propensas a se tornarem viciadas?;https://www.bbc.com/portuguese/articles/cw455dj47elo
A publicitária que foi para a UTI após usar Ozempic sem orientação médica;https://www.bbc.com/portuguese/articles/cped4v9w4eeo
A importância da musculação para mulheres antes e após menopausa;https://www.bbc.com/portuguese/articles/c0xd24w0g42o
O projeto que vai analisar 60 mil corpos e cérebros para entender por que doenças aparecem;https://www.bbc.com/portuguese/articles/c03720djx99o
As doenças transmitidas por animais de estimação e 9 dicas para se proteger;https://www.bbc.com/portuguese/articles/c976qm2lq2zo
O alerta da OMS sobre riscos de adoçante artificial à saúde;https://www.bbc.com/portuguese/articles/cd1g55ppng9o
O mistério da onça rara que dura quase 10 anos na região serrana do RJ;https://www.bbc.com/portuguese/articles/cglzzkpnprko
As incríveis imagens que mostram impacto dos humanos nas paisagens;https://www.bbc.com/portuguese/articles/cql3w9vdel8o
Três falácias que podem nos enganar - e como evitar cair na armadilha;https://www.bbc.com/portuguese/articles/cx9n4gej8llo
O relato de vítimas de golpe e extorsão após lei antigay na Nigéria;https://www.bbc.com/portuguese/articles/c51p668yejdo
Aliança inteligente e votos escritos por robô: como são as cerimônias de casamento high-tech;https://www.bbc.com/portuguese/articles/cx04777yq20o
A polêmica sobre regulação dos apps que retocam fotos;https://www.bbc.com/portuguese/articles/cyd891jgmm5o
A gasolina vai ficar mais barata? 5 perguntas sobre a mudança de política de preços da Petrobras;https://www.bbc.com/portuguese/articles/cv2dl05gvveo
As mudanças de vida na Argentina com inflação acima de 100% ao ano;https://www.bbc.com/portuguese/articles/cgxlgdgzee0o
As impressionantes imagens vencedoras de concurso de fotos de comida;https://www.bbc.com/portuguese/articles/cx8p1xll9yjo
Tom Hanks: carreira pode continuar após a morte com inteligência artificial, diz ator;https://www.bbc.com/portuguese/articles/cd1rkn0qx9zo
Por que cantor The Weeknd 'trocou' de nome;https://www.bbc.com/portuguese/articles/c729kg1vxzro
O artista brasileiro que viveu 50 anos em instituições psiquiátricas e é tema de exposição nos EUA;https://www.bbc.com/portuguese/articles/cp0ez7m7qg7o
Como fronteiras de Israel mudaram desde sua criação há 75 anos;https://www.bbc.com/portuguese/extra/IkTCzu5CAd/Israel_historico_fronteiras
O que revelam novos esqueletos encontrados nas ruínas de Pompeia;https://www.bbc.com/portuguese/articles/cn4eplle5y6o
"Podcast busca entender como brasileiros chegaram a atual grau de divisão; ouça aqui";https://www.bbc.com/portuguese/podcasts/p0cyhvny
Ouça aqui o podcast que conta incríveis casos na raiz das guerras culturais;https://www.bbc.com/portuguese/podcasts/p0cx5pt6
Que História!: ouça as duas temporadas do podcast;https://www.bbc.com/portuguese/podcasts/p07r3r3t
As descobertas que estão mudando o que sabemos sobre os neandertais;https://www.bbc.com/portuguese/articles/cpvxngnx4p9o
'Filiprimos'? As semelhanças entre Brasil e Filipinas que se refletem nas redes sociais;https://www.bbc.com/portuguese/articles/cv240x00p90o
Por que conservadores estão em guerra contra Disney e cervejaria nos EUA;https://www.bbc.com/portuguese/articles/cxxy631g0dyo
O teste de DNA que identificou serial killer 30 anos depois dos crimes;https://www.bbc.com/portuguese/articles/cn3vpm7yl5ko
Os mitos e erros sobre os hemisférios do cérebro;https://www.bbc.com/portuguese/articles/cjj999w39dgo
PM que fuzilou dois colegas era conhecido pela gentileza e falou com a BBC um mês antes do crime;https://www.bbc.com/portuguese/articles/c8vr5vylgr0o
Decisão 'arbitrária' ou 'irretocável'? Juristas divergem sobre cassação de Deltan Dallagnol;https://www.bbc.com/portuguese/articles/cjqkp3ve12jo
Como STF pode regular plataformas digitais após impasse no PL das Fake News;https://www.bbc.com/portuguese/articles/c4nw53753pno
Quem é Kemal Kilicdaroglu, adversário de Erdogan no 2º turno na Turquia;https://www.bbc.com/portuguese/articles/cqv0yn009w4o
Os ex-escravizados que levaram tradições brasileiras para Gana;https://www.bbc.com/portuguese/articles/cw9pw50y92wo
Parceiros comerciais da BBC Brasil;https://www.bbc.com/portuguese/institutional-41672312
Facebook;https://www.facebook.com/bbcnewsbrasil/
YouTube;https://www.youtube.com/user/BBCBrasil
Instagram;https://www.instagram.com/bbcbrasil/?hl=en
Twitter;https://twitter.com/bbcbrasil?lang=en
CÚPULA DO G7 “A decepção foi de Lula”, diz Zelensky sobre encontro não realizado;https://www.cnnbrasil.com.br/internacional/a-decepcao-foi-de-lula-diz-zelensky-sobre-encontro-nao-realizado-no-g7/
Flamengo vence Corinthians e mantém rival na zona do rebaixamento da Série A;https://www.cnnbrasil.com.br/esportes/nos-acrescimos-flamengo-vence-e-corinthians-fica-mais-uma-rodada-no-z4/
Brasileiro Vinicius Jr. é vítima de mais um caso de racismo na Espanha;https://www.cnnbrasil.com.br/esportes/vinicius-jr-e-vitima-de-mais-um-caso-de-racismo-na-espanha/
Política;https://www.cnnbrasil.com.br/politica/
Pop;https://www.cnnbrasil.com.br/pop/
Economia;https://www.cnnbrasil.com.br/economia/
Internacional;https://www.cnnbrasil.com.br/internacional/
Viagem & Gastronomia;https://www.cnnbrasil.com.br/viagemegastronomia/
Nacional;https://www.cnnbrasil.com.br/nacional/
Saúde;https://www.cnnbrasil.com.br/saude/
Esportes;https://www.cnnbrasil.com.br/esportes/
CNN Plural;https://www.cnnbrasil.com.br/tudo-sobre/cnn-plural/
Ciência e Tecnologia;https://www.cnnbrasil.com.br/tecnologia/
Bíblia Hebraica mais antiga do mundo é vendida por recorde de R$ 189,5 milhões;https://www.cnnbrasil.com.br/internacional/biblia-hebraica-mais-antiga-do-mundo-e-vendida-por-recorde-de-r-1895-milhoes/
'Não venho para ser servido, mas para servir', diz Charles;https://g1.globo.com/mundo/noticia/2023/05/06/coroacao-rei-charles-iii.ghtml
"Coroa tem mais de 2,8 mil diamantes; veja em detalhes";https://g1.globo.com/mundo/ao-vivo/coroacao-do-rei-charles-iii-acompanhe-ao-vivo.ghtml?postId=8265e56d-c072-4982-b603-c0945067ba17
Reveja o momento exato da coroação, o juramento e mais;https://g1.globo.com/mundo/playlist/coroacao-do-rei-charles-iii.ghtml
"Janja usa vermelho na coroação; Lula se senta perto de Macron";https://g1.globo.com/politica/noticia/2023/05/06/lula-participa-da-cerimonia-de-coroacao-do-rei-charles-iii-e-senta-ao-lado-de-emmanuel-macron.ghtml
FOTOS: William, Kate e filhos acompanham da 1ª fila;https://g1.globo.com/mundo/noticia/2023/05/06/fotos-familia-real-na-coroacao-do-rei-charles-iii.ghtml
Sem Meghan, Harry senta sozinho entre convidados;https://g1.globo.com/mundo/ao-vivo/coroacao-do-rei-charles-iii-acompanhe-ao-vivo.ghtml?postId=1e2ce3c1-8ed6-426c-88fd-7532c149b88f
Chapéus e joias: quem é a mais elegante da coroação? Vote;https://g1.globo.com/mundo/votacao/na-coroacao-de-rei-charles-iii-quem-e-a-convidada-mais-bem-vestida--35621d85-746c-45cf-a026-304fe6e2ab8a.ghtml
Katy Perry, Lionel Richie e mais: famosos marcam presença;https://g1.globo.com/mundo/noticia/2023/05/06/famosos-e-autoridades-coroacao-do-rei-charles-iii-fotos.ghtml
Britânicos contrários à monarquia protestam: 'Não é meu rei';https://g1.globo.com/mundo/video/britanicos-antimonarquistas-protestam-no-dia-da-coroacao-de-charles-iii-11595451.ghtml
Como foi a coroação do rei Charles 3º;https://www.bbc.com/portuguese/articles/cje01158037o
Os 5 principais desafios de Charles 3º como novo rei;https://www.bbc.com/portuguese/internacional-62932565
Líder de grupo anti-monarquia é preso em protesto contra a coroação;https://www.bbc.com/portuguese/articles/c883ddve15lo
Fissura ou 'desbolsonarização': como CPMI do 8 de janeiro pode afetar relação de militares com governo Lula;https://www.bbc.com/portuguese/articles/czrpm9xyl78o
Ucrânia acusa Rússia de usar bombas de fósforo para destruir cidade de Bakhmut;https://www.bbc.com/portuguese/articles/c9xn776rpw2o
Grupo Wagner: por que mercenários russos ameaçam se retirar de cidade na Ucrânia;https://www.bbc.com/portuguese/articles/c9xn74lw80wo
Suplementos de proteína fazem mal à saúde?;https://www.bbc.com/portuguese/articles/c4n7rm4391zo
Os números que levaram OMS a decretar fim da emergência global de covid-19;https://www.bbc.com/portuguese/articles/cl748lv5xn0o
Reino Unido anuncia R$ 500 milhões para o Fundo Amazônia;https://www.bbc.com/portuguese/articles/c6p98ym9rgjo
'Novo Cangaço': o que acontece nas cidades onde bandidos explodem bancos;https://www.bbc.com/portuguese/articles/c0vxw220n42o
Como Brasil se tornou 'berçário' de espiões russos;https://www.bbc.com/portuguese/articles/ckk43wg6n31o
Como conversar com filhos sobre ataques a escolas;https://www.bbc.com/portuguese/articles/cev4klp4px0o
Como celular de Bolsonaro apreendido pela PF no caso das vacinas pode ser usado em outras investigações;https://www.bbc.com/portuguese/articles/cp91j0vxgzxo
Que crimes Bolsonaro pode ter cometido caso se confirme falsificação do certificado de vacina contra covid;https://www.bbc.com/portuguese/articles/c883k4kkzpjo
Bolsonaro não precisou de registro de vacina para ir aos EUA;https://www.bbc.com/portuguese/articles/ckrk785vp41o
O que realmente diz a 'bula da Pfizer', que Bolsonaro disse ter lido para decidir não se vacinar;https://www.bbc.com/portuguese/articles/cxxy40wenp9o
A herança arquitetônica brasileira sob risco na Nigéria;https://www.bbc.com/portuguese/articles/c51p73m4g2po
O que se sabe sobre operação da PF em endereço de Bolsonaro;https://www.bbc.com/portuguese/articles/c3gv897e5z1o
Coroação de Charles 3º: tudo o que você precisa saber sobre o evento;https://www.bbc.com/portuguese/articles/c894p3zp8gvo
Como jovem de 13 anos pôde se armar para matar 8 colegas e segurança em escola da Sérvia;https://www.bbc.com/portuguese/articles/c721n6621wdo
Os britânicos que não vão assistir à coroação de Charles 3º: 'Acho um desperdício de dinheiro';https://www.bbc.com/portuguese/articles/cy6vd8d16pdo
Confira em 3D detalhes da coroa que será usada por Charles 3º;https://www.bbc.com/portuguese/resources/idt-5136bea2-40b8-45bf-83be-e06babcbc2bf
Vídeo em 360º: por dentro da Abadia de Westminster, palco da coroação de Charles 3°;https://www.bbc.com/portuguese/articles/c2elvr93lqmo
Por que o monarca precisa de uma coroação?;https://www.bbc.com/portuguese/articles/c976g686g84o
Vídeo, Coroação de Charles 3°: como são as carruagens reais que levarão o rei e a rainha, Duration 1,48;https://www.bbc.com/portuguese/geral-65381327
Coroação de Charles 3º: como acompanhar a cerimônia ao vivo;https://www.bbc.com/portuguese/articles/cv2ve787dwdo
‘Olhei para meu pé e vi que estava sem dedos’: as minas terrestres que fazem centenas de vítimas na Ucrânia;https://www.bbc.com/portuguese/articles/c29renpxgjzo
A multa contra o McDonalds nos EUA por empregar centenas de menores de idade;https://www.bbc.com/portuguese/articles/c25peypzev5o
Paraguai: 'Quero discutir com Lula próximos 50 anos de relação', diz presidente eleito;https://www.bbc.com/portuguese/articles/c10qdz85311o
Por que Rússia acusa Ucrânia de tentar matar Putin com drones;https://www.bbc.com/portuguese/articles/cje0n9w0nq5o
O que a China ganha ao agir como moderadora da paz entre Rússia e Ucrânia;https://www.bbc.com/portuguese/articles/cg35gy4x1d7o
Eleição no Paraguai: por que vitória de Santiago Peña é exceção entre 'ondas políticas' da América Latina;https://www.bbc.com/portuguese/articles/crgmzl9j9j7o
Corpo de pescador desaparecido é encontrado dentro de crocodilo na Austrália;https://www.bbc.com/portuguese/articles/cg3d8z4lz44o
O 'padrinho' da inteligência artificial que se demitiu do Google e adverte sobre perigos da tecnologia;https://www.bbc.com/portuguese/articles/cgr1qr06myzo
Quem é Santiago Peña, novo presidente do Paraguai;https://www.bbc.com/portuguese/articles/cnejwml49vgo
Vídeo, Como vai ser a coroação de Charles 3° no Reino Unido, Duration 1,51;https://www.bbc.com/portuguese/geral-65489159
Vídeo, A seita que encorajava a morte por inanição para 'encontrar Jesus', Duration 1,23;https://www.bbc.com/portuguese/geral-65418691
Câncer na garganta: por que sexo oral pode ser fator de risco?;https://www.bbc.com/portuguese/articles/cd1rxkmjje8o
Como é 1ª vacina do mundo contra VSR aprovada nos EUA;https://www.bbc.com/portuguese/articles/cx04ldv7vdyo
'As pessoas param de respirar antes que se deem conta': o que o fentanil faz com o cérebro;https://www.bbc.com/portuguese/articles/c51pl202527o
A nova droga contra o Alzheimer capaz de retardar em um terço avanço da doença, segundo estudos;https://www.bbc.com/portuguese/articles/cmj7l0dpzjvo
Restaurantes usam calor da cozinha para gerar sua própria energia;https://www.bbc.com/portuguese/articles/c870grk4zgdo
Como mudanças climáticas ameaçam a produção de vinhos australianos;https://www.bbc.com/portuguese/articles/czrpnd38d33o
Cartilha da desinformação: como agem os grupos que usam redes sociais para espalhar fake news e mobilizar eleitores;https://www.bbc.com/portuguese/articles/ceq55vxe9leo
'Nasci de um estupro, mas isso não me define';https://www.bbc.com/portuguese/articles/cevnw4w2n9yo
Os profissionais que temem perder seu emprego para a inteligência artificial;https://www.bbc.com/portuguese/articles/cn4rvelpmejo
O que são seitas e por que as pessoas se juntam a elas?;https://www.bbc.com/portuguese/articles/crgewpyxvyvo
O empreendedor que aposta na descoberta da juventude eterna;https://www.bbc.com/portuguese/articles/cqezl9eppljo
O que é a misteriosa 'caixa preta' da inteligência artifical que preocupa os especialistas;https://www.bbc.com/portuguese/articles/c870xmd2dv0o
Como é calculada chance de chuva que serviços de meteorologia divulgam;https://www.bbc.com/portuguese/articles/c1680x5g0pjo
O que a ciência diz sobre os remédios naturais para dormir;https://www.bbc.com/portuguese/articles/c25pdvd5xpwo
Salário mínimo de R$ 1.320: quanto piso aumentou em cada governo?;https://www.bbc.com/portuguese/articles/c3gn96zyy6qo
Como a Amazon dominou vendas de livros no Brasil em apenas 9 anos;https://www.bbc.com/portuguese/articles/c4nwprveg0wo
Greve de roteiristas ameaça programas de TV e filmes nos EUA;https://www.bbc.com/portuguese/articles/clel3gzw61qo
Met Gala: 7 dos melhores looks ao longo das décadas;https://www.bbc.com/portuguese/articles/c9rx41gv06lo
Jovem de 16 anos recebe R$ 45 milhões em ofertas de bolsas universitárias nos EUA e se aproxima de recorde;https://www.bbc.com/portuguese/articles/cqezgqj2gd5o
Os clubes de leitura que desafiam a crescente censura de livros nos EUA;https://www.bbc.com/portuguese/articles/crgxz027332o
Carolina, a rainha consorte da Inglaterra barrada da própria coroação pelo rei;https://www.bbc.com/portuguese/articles/cjm73exdmgdo
CLT faz 80 anos: o que mudou e pode mudar no Brasil da informalidade e aplicativos;https://www.bbc.com/portuguese/articles/c1rleweverwo
Por que Disney e governador da Flórida estão em pé de guerra;https://www.bbc.com/portuguese/articles/cjr18xp1940o
Matança de cães infectados com parasita gera polêmica em cidade de São Paulo;https://www.bbc.com/portuguese/articles/c721dr9p0x1o
Por que o Rio de Janeiro está atraindo nômades digitais;https://www.bbc.com/portuguese/articles/cnejxx2gme4o
Entenda a polêmica envolvendo a capivara Filó;https://www.bbc.com/portuguese/articles/c887jy7ge99o
Doador de esperma que teve mais de 550 filhos é proibido de doar novamente;https://www.bbc.com/portuguese/articles/cv2d4geye8yo
Por que cientistas temem futuro catastrófico causado pela inteligência artificial;https://www.bbc.com/portuguese/articles/cn07ljg5yrzo
O que diz a lei sobre casos como casamento de prefeito de 65 anos com adolescente de 16;https://www.bbc.com/portuguese/articles/cn07gz0p422o
EUA: os 4 motivos que levaram Biden a se lançar à reeleição;https://www.bbc.com/portuguese/articles/c2eln74l7jyo
REINO UNIDO Rei Charles III é coroado na Abadia de Westminster;https://www.cnnbrasil.com.br/internacional/rei-charles-iii-e-coroado-em-cerimonia-na-abadia-de-westminster/
Rei Charles III é coroado na Abadia de Westminster;https://www.cnnbrasil.com.br/internacional/rei-charles-iii-e-coroado-em-cerimonia-na-abadia-de-westminster/
"Rei Charles III e Camilla são oficialmente coroados; siga";https://www.cnnbrasil.com.br/live-update/internacional/coroacao-do-rei-charles-iii/
Rainha consorte ou só rainha? Coroação de Charles muda título real da esposa do rei;https://www.cnnbrasil.com.br/internacional/rainha-consorte-ou-so-rainha-coroacao-de-charles-muda-titulo-real-de-camilla/
Com Covid-19, ministra Marina Silva é internada em hospital na capital paulista;https://www.cnnbrasil.com.br/politica/com-covid-19-marina-silva-e-internada-no-incor-em-sao-paulo/
"Saiba o que foi o ""escândalo do absorvente interno"" entre Charles e Camilla";https://www.cnnbrasil.com.br/internacional/saiba-o-que-foi-o-escandalo-do-absorvente-interno-entre-charles-e-camilla/
Torres nega interferência na PRF nas eleições e diz que foi à Bahia para vistoriar obra;https://g1.globo.com/politica/noticia/2023/05/08/torres-diz-a-pf-que-queria-combater-crimes-eleitorais-e-que-viagem-a-bahia-foi-ideia-do-diretor-geral-segundo-defesa.ghtml
"O ASSUNTO: como a indicação de Galípolo ao BC pode mexer com juros; OUÇA";https://g1.globo.com/podcast/o-assunto/noticia/2023/05/09/o-assunto-956-o-no-2-de-haddad-indicado-ao-banco-central.ghtml
Quem é o diretor da Meta que deve virar novo n° 2 de Haddad;https://g1.globo.com/economia/noticia/2023/05/08/quem-e-dario-durigan-diretor-da-meta-que-deve-se-tornar-novo-braco-direito-de-haddad-na-fazenda.ghtml
Bridgestone cortará parte da produção em SP e demitirá 600;https://g1.globo.com/economia/noticia/2023/05/08/bridgestone-anuncia-demissao-de-600-funcionarios-e-fim-de-producao-para-carros-no-abc-paulista.ghtml
LinkedIn vai demitir mais de 700 funcionários na China;https://g1.globo.com/tecnologia/noticia/2023/05/08/linkedin-ira-demitir-mais-de-700-funcionarios-e-encerrar-aplicativo-de-empregos-na-china.ghtml
'Só trabalha quem manda nudes': candidata a vaga relata assédio;https://g1.globo.com/trabalho-e-carreira/noticia/2023/05/08/so-trabalha-quem-manda-nudes-candidata-a-vaga-em-shopping-diz-ter-sido-assediada-por-funcionario-em-mensagem-de-texto.ghtml
Casal flagrado em SP com menino de SC é preso por tráfico de pessoas;https://g1.globo.com/sp/sao-paulo/noticia/2023/05/08/policia-prende-por-trafico-de-pessoas-homem-e-mulher-flagrados-com-menino-de-2-anos-de-sc-que-foi-encontrado-em-sp.ghtml
Menina de 9 anos morre após acidente entre moto e caminhão no RJ;https://g1.globo.com/rj/norte-fluminense/noticia/2023/05/08/menina-de-9-anos-morre-apos-acidente-entre-moto-e-caminhao-em-aperibe-no-rj.ghtml
Bauermann, do Santos, foi cobrado por não cumprir acordo, diz revista;https://ge.globo.com/sp/santos-e-regiao/futebol/times/santos/noticia/2023/05/08/em-conversa-com-apostador-bauermann-do-santos-foi-cobrado-por-nao-cumprir-acordo-o-barato-vai-ficar-louco-para-voce.ghtml
Por que eleição para Constituinte no Chile é 'paradoxo', segundo cientista política;https://www.bbc.com/portuguese/articles/cd14qzd8nkro
A redução de alcance de notícias que Google testou no Canadá e pode repetir no Brasil;https://www.bbc.com/portuguese/articles/cj5ey8g425go
Australiana sobrevive 5 dias perdida na floresta só com doces e vinho;https://www.bbc.com/portuguese/articles/cgr1env5jjdo
A conta de gato de estimação no TikTok que pode ter sido usada para espionar jornalista britânica;https://www.bbc.com/portuguese/articles/ck7kzdpwd22o
'Menina Veneno', 40 anos: a história do roqueiro inglês que fez sucesso no Brasil cantando em português;https://www.bbc.com/portuguese/articles/c0xd4n18ldwo
Por que ensinar robôs a piscar é difícil, mas importante;https://www.bbc.com/portuguese/articles/c168w4r6nrro
10 fascinantes dados sobre o planeta Terra;https://www.bbc.com/portuguese/articles/cxwpl918eyzo
Por que sexo planejado pode ser tão ou mais prazeroso que o 'impulsivo';https://www.bbc.com/portuguese/articles/cw9prry22nzo
Como 'vazio legal' impulsiona consumo e venda de cogumelos psicodélicos no Brasil;https://www.bbc.com/portuguese/articles/c4nzr26p352o
Qual pode ser o impacto da CPMI do 8 de janeiro na relação de militares com governo Lula;https://www.bbc.com/portuguese/articles/czrpm9xyl78o
EUA tiveram 1,6 ataque a tiros por dia em 2023;https://www.bbc.com/portuguese/articles/cd1kye5y7y0o
6 invenções de indígenas americanos que fazem parte do nosso dia a dia;https://www.bbc.com/portuguese/articles/c3gpv212n11o
Constituinte do Chile, nascida após protestos da esquerda, terá controle da direita;https://www.bbc.com/portuguese/articles/cy90j087v35o
Por que brasileiros não são considerados latinos nos EUA;https://www.bbc.com/portuguese/articles/cx9nel14ekwo
A tecnologia da Primeira Guerra Mundial que está ajudando Ucrânia a enganar Rússia;https://www.bbc.com/portuguese/articles/c168zd53616o
Vietnã registra 44°C, maior temperatura da história do país;https://www.bbc.com/portuguese/articles/cd1kyxwpqgyo
Vídeo, Em 3 pontos, como Lula se saiu em viagem a Portugal e Espanha, Duration 4,27;https://www.bbc.com/portuguese/geral-65381321
Por que passar tempo sozinho é tão importante;https://www.bbc.com/portuguese/articles/clel357yyw7o
Como número de seguidores no Instagram facilita (ou dificulta) acesso ao 'remédio mais caro do mundo';https://www.bbc.com/portuguese/articles/ckrk08y8xvro
'Sobrevivi a bomba em aeroporto, reaprendi a andar e completei prova do Ironman';https://www.bbc.com/portuguese/articles/c72jz7lkz8jo
A polêmica solução de enigma matemático por Marilyn vos Savant, mulher com QI mais alto do mundo;https://www.bbc.com/portuguese/articles/cy90p2y5v1xo
O incrível erro que levou Pepsi a enfrentar universitário por avião militar;https://www.bbc.com/portuguese/articles/cnl921y2ej7o
A família boêmia que chocou a Grã-Bretanha vitoriana;https://www.bbc.com/portuguese/articles/cjqk08z5ew4o
Por que manter a casa muito limpa pode não ser bom para a saúde;https://www.bbc.com/portuguese/articles/ckrkvrk277mo
DANIELA LIMA Áudio revela coronel Elcio Franco em trama golpista;https://www.cnnbrasil.com.br/politica/audio-revela-coronel-elcio-em-trama-golpista/
CPMI deve apurar fatos sem radicalização, diz Rodrigo Pacheco à CNN;https://www.cnnbrasil.com.br/politica/cpmi-deve-apurar-fatos-sem-radicalizacao-diz-rodrigo-pacheco-a-cnn/
Torres nega interferência em operação que parou eleitores de Lula no 2º turno, diz defesa;https://www.cnnbrasil.com.br/politica/torres-diz-a-pf-que-nao-interferiu-na-operacao-da-prf-que-parou-eleitores-de-lula-no-segundo-turno/
Mercado;/cotacoes/bolsa
Preço de carro zero mais barato do Brasil é reajustado e encosta nos R$ 70 mil;https://www.cnnbrasil.com.br/economia/preco-de-carro-zero-mais-barato-do-brasil-e-reajustado-e-encosta-nos-r-70-mil/
Aliados de Bolsonaro veem silêncio de Cid como recado para delação;https://g1.globo.com/politica/blog/andreia-sadi/post/2023/05/18/apos-silencio-entorno-de-bolsonaro-ve-recado-de-que-cid-pode-considerar-delacao.ghtml
Bolsonaro vai ao Senado e desconversa sobre Cid: 'Cada um segue sua vida';https://g1.globo.com/politica/noticia/2023/05/18/bolsonaro-vai-ao-senado-visita-o-gabinete-do-filho-flavio-e-fala-com-a-imprensa.ghtml
Gilmar Mendes libera 'Linha Direta' sobre o caso Henry Borel hoje à noite;https://g1.globo.com/jornal-nacional/noticia/2023/05/18/gilmar-mendes-do-stf-libera-exibicao-do-linha-direta-sobre-o-caso-henry-borel.ghtml
Câmara rejeita articulação política para salvar Dallagnol da cassação;https://g1.globo.com/politica/blog/andreia-sadi/post/2023/05/18/camara-rejeita-articulacao-politica-para-salvar-dallagnol-lira-vai-dar-tramite-burocratico-a-decisao-da-justica.ghtml
General relata em CPI ordem de Lula para prender golpistas após ataque;https://g1.globo.com/df/distrito-federal/noticia/2023/05/18/video-por-telefone-lula-determinou-isolamento-de-acampamento-e-prisao-de-bolsonaristas-apos-atos-terroristas-diz-general-dutra.ghtml
Petrobras mira áreas da Amazônia que já tiveram licenças negadas;https://g1.globo.com/meio-ambiente/noticia/2023/05/18/petrobras-quer-explorar-petroleo-em-outras-areas-na-foz-do-amazonas-que-ja-tiveram-autorizacao-negada-em-2018.ghtml
Ibovespa fecha no maior nível em 3 meses com urgência de regra fiscal;https://g1.globo.com/economia/noticia/2023/05/18/ibovespa.ghtml
O que big techs criticam em PL e ações sobre regulamentação das redes no Brasil;https://www.bbc.com/portuguese/articles/c2q1l2y2735o
Israel está se debatendo sobre que país quer ser, diz escritor;https://www.bbc.com/portuguese/articles/cekdm0pex5yo
Dallagnol cassado: ele pode recorrer da decisão? As respostas a esta e outras seis perguntas;https://www.bbc.com/portuguese/articles/cx8prq1jzwpo
Deltan Dallagnol cassado: por que procurador da Lava Jato foi punido pelo TSE;https://www.bbc.com/portuguese/articles/cnl9wkx79xpo
Collor: 'impichado', inocentado e, agora, julgado na Lava Jato;https://www.bbc.com/portuguese/articles/c4npdpdx0zgo
O que é 'morte cruzada', usada pelo presidente do Equador para evitar impeachment;https://www.bbc.com/portuguese/articles/c1v09l09ewpo
Harry e Meghan passam por perseguição de carro 'quase catastrófica', diz porta-voz;https://www.bbc.com/portuguese/articles/cw5kw93z0ezo
'Golpe da paternidade': os britânicos que cobram para assumir filhos de mulheres imigrantes;https://www.bbc.com/portuguese/articles/c721kz5r2x7o
Os efeitos da lei que causa 'pânico' em imigrantes sem documentação na Flórida;https://www.bbc.com/portuguese/articles/cxxy61pn707o
Vídeo, Como contraofensiva ucraniana pode mudar guerra com Rússia, Duration 3,44;https://www.bbc.com/portuguese/geral-65489161
Gripe aviária: o que se sabe sobre primeiros casos de H5N1 em aves silvestres do Brasil;https://www.bbc.com/portuguese/articles/c28jn1n40r2o
Como mosquito egípcio chegou ao Brasil e matou 10 mil pessoas;https://www.bbc.com/portuguese/articles/crgeqq9j2l1o
Aquecimento da Terra pode superar limite de 1,5º até 2027, advertem cientistas;https://www.bbc.com/portuguese/articles/c3gn60zqklgo
O brasileiro premiado por fazer 'melhor pizza da Europa fora da Itália';https://www.bbc.com/portuguese/articles/c3g942vdlgno
O apelo do criador do ChatGPT ao governo dos EUA por regulação da inteligência artificial;https://www.bbc.com/portuguese/articles/cgr140pmn5yo
Educação cruzada: por que exercitar um membro pode fortalecer o oposto;https://www.bbc.com/portuguese/articles/c4n3jzdxkr2o
Aos 98 anos, integrante da Resistência Francesa rompe silêncio sobre execução de nazistas: 'Cavaram as próprias covas';https://www.bbc.com/portuguese/articles/c51pv802xxno
Quem foi o primeiro cínico da história (e por que ele foi chamado assim);https://www.bbc.com/portuguese/articles/cnej00yprmeo
Betty Webb: a última sobrevivente dos especialistas que decifraram os códigos nazistas;https://www.bbc.com/portuguese/articles/c976ppne3p3o
'Morri em vida': a jornada de apresentadora de TV com câncer difícil de tratar;https://www.bbc.com/portuguese/articles/c2q1lqy4evwo
As mulheres trans que desafiam preconceito para professar islamismo na Indonésia;https://www.bbc.com/portuguese/articles/cz760p1lpz9o
Por que bancos centrais estão comprando ouro no maior volume em 80 anos;https://www.bbc.com/portuguese/articles/cge445px1pqo
Os riscos e benefícios de induzir sonhos lúcidos;https://www.bbc.com/portuguese/articles/ce5z1mgj808o
'Tenho medo de que elefantes me matem': mudança climática altera comportamento animal na África;https://www.bbc.com/portuguese/articles/cv2vx3djk08o
'Vi a morte de perto': como é surfar as ondas gigantes de Nazaré;https://www.bbc.com/portuguese/articles/c80ypjg4el7o
'Não presta como mulher': a superação de estigma após retirada do útero;https://www.bbc.com/portuguese/articles/ce7ggpx8zg9o
As sacerdotisas africanas perseguidas pela Inquisição no Brasil;https://www.bbc.com/portuguese/articles/cw07ne17z2wo
UCRÂNIA Forças russas saem em retirada perto de Bakhmut, dizem Ucrânia e grupo Wagner;https://www.cnnbrasil.com.br/internacional/forcas-russas-saem-em-retirada-perto-de-bakhmut-dizem-ucrania-e-grupo-wagner/
STF tem maioria para condenar Fernando Collor por corrupção na BR Distribuidora;https://www.cnnbrasil.com.br/politica/stf-forma-maioria-para-condenar-collor-a-prisao/
Aliados de Bolsonaro minimizam silêncio de Cid e descartam delação;https://www.cnnbrasil.com.br/politica/aliados-de-bolsonaro-minimizam-silencio-de-cid-e-descartam-delacao/
Como as armas do Ocidente ajudaram a reverter vantagem russa em ataques aéreos;https://www.cnnbrasil.com.br/internacional/como-as-armas-do-ocidente-ajudaram-a-ucrania-a-reverter-vantagem-russa-em-ataques-aereos/
Em mensagens, jogador diz que tentou cavar expulsão: 'Só faltou agredir';https://g1.globo.com/go/goias/noticia/2023/05/10/print-jogador-investigado-em-esquema-de-manipulacao-de-jogos-afirmou-em-mensagem-que-fez-de-tudo-para-receber-cartao-vermelho-so-faltou-eu-agredir-o-arbitro.ghtml
Salário mínimo de R$ 1.550 é aprovado em São Paulo;https://g1.globo.com/sp/sao-paulo/noticia/2023/05/11/salario-minimo-de-r-1550-e-aprovado-em-sao-paulo.ghtml
"O ASSUNTO: como governo e mercado se estranham e se aproximam; OUÇA ";https://g1.globo.com/podcast/o-assunto/noticia/2023/05/11/o-assunto-958-governo-e-mercado-estranhamento-e-aproximacao.ghtml
Sites internacionais vão informar preço dos produtos com imposto;https://g1.globo.com/economia/blog/ana-flor/post/2023/05/10/compradores-de-sites-internacionais-serao-informados-do-preco-dos-produtos-com-cobranca-de-imposto.ghtml
Imposto de Renda: como preencher e pagar o carnê-leão;https://g1.globo.com/economia/imposto-de-renda/noticia/2023/05/11/imposto-de-renda-2023-como-preencher-e-pagar-o-carne-leao.ghtml
Rita Lee tem música nova em álbum de Elza Soares ainda não lançado;https://g1.globo.com/pop-arte/musica/blog/mauro-ferreira/post/2023/05/11/rita-lee-tem-musica-nova-no-ainda-inedito-album-gravado-por-elza-soares-em-2021.ghtml
Advogado deixa defesa de Mauro Cid, ex-ajudante de Bolsonaro;https://g1.globo.com/politica/blog/andreia-sadi/post/2023/05/10/advogado-de-mauro-cid-deixa-defesa.ghtml
"Torres atribuiu mapeamento de eleitores a subordinados; leia depoimento";https://g1.globo.com/politica/blog/andreia-sadi/post/2023/05/10/anderson-torres-jogou-para-subordinados-a-responsabilidade-sobre-mapeamento-de-eleitores-e-atuacao-da-prf-no-2o-turno-veja-depoimento.ghtml
Terremoto deixa quatro pessoas feridas em Tóquio;https://g1.globo.com/mundo/noticia/2023/05/11/terremoto-deixa-feridos-no-japao.ghtml
As perguntas ainda sem resposta sobre suposto 'plano de golpe' de militares próximos a Bolsonaro;https://www.bbc.com/portuguese/articles/cn4ee72v7mvo
Como falas polêmicas de Lula levaram Celso Amorim à Ucrânia;https://www.bbc.com/portuguese/articles/cqezz876rq7o
A mulher com deficiência que contratou profissional para fazer sexo pela primeira vez aos 43;https://www.bbc.com/portuguese/articles/c6p00wwl2l9o
As imagens da tensão na fronteira entre México e EUA às vésperas do fim de lei polêmica;https://www.bbc.com/portuguese/articles/clellzwjjd6o
Surto de síndromes gripais em crianças causa emergência de saúde na Paraíba;https://www.bbc.com/portuguese/articles/ce9xxe2v4v9o
A mulher que escreveu livro sobre a morte do marido e foi acusada pelo seu homicídio;https://www.bbc.com/portuguese/articles/clk44ewmd32o
O momento em que estrela devora planeta, recriado em imagens;https://www.bbc.com/portuguese/articles/c2xpp88kyd3o
As consequências políticas da condenação de Trump por abuso sexual;https://www.bbc.com/portuguese/articles/cqezzv1lp4go
O que o SUS está ensinando ao serviço de saúde britânico;https://www.bbc.com/portuguese/articles/cq5ww8jryk0o
Morre Rita Lee: relembre trajetória da rainha do rock brasileiro;https://www.bbc.com/portuguese/articles/cp3zrv57yylo
Por que visita de Celso Amorim à Ucrânia pode melhorar posição de Lula na reunião do G7;https://www.bbc.com/portuguese/articles/cll119mmrvpo
A embaixadora que luta por espaço para mulheres no Itamaraty: ‘Somos deixadas de lado’;https://www.bbc.com/portuguese/articles/c3gj9vnxzwdo
David Miranda: quando uma infecção intestinal pode se agravar?;https://www.bbc.com/portuguese/articles/clm99rdggk7o
'Vou ser aprisionada': corte de verba pode levar 12 pessoas a morar em hospital;https://www.bbc.com/portuguese/articles/c721q5zx2dyo
George Santos preso: quais as acusações contra deputado dos EUA filho de imigrantes brasileiros;https://www.bbc.com/portuguese/articles/ck5116437dwo
O caso que levou Trump a ser 1º presidente americano condenado por abuso sexual;https://www.bbc.com/portuguese/articles/c7200q2jen2o
A acusação que leva presidente do Equador a enfrentar impeachment;https://www.bbc.com/portuguese/articles/c72111pre3do
'Dor e alegria': o reencontro de pai e filhas separados na imigração dos EUA há 4 anos;https://www.bbc.com/portuguese/articles/c51ppx5ejj7o
De câncer a gripe, as doenças na mira de novas vacinas de mRNA após covid;https://www.bbc.com/portuguese/articles/c2lpnp05ddvo
Robert de Niro virou pai aos 79 anos: a paternidade tardia traz riscos?;https://www.bbc.com/portuguese/geral-62478442
Colite microscópica, a doença intestinal de difícil diagnóstico que atinge mais as mulheres;https://www.bbc.com/portuguese/articles/cjln18361l3o
Como será o brutal final da Estação Espacial Internacional;https://www.bbc.com/portuguese/articles/c80yxzgkky1o
Inteligência artificial pode dificultar identificação de golpes, alerta cofundador da Apple;https://www.bbc.com/portuguese/articles/clm99ngkreeo
4 características de pais e mães 'tóxicos', segundo psicólogos;https://www.bbc.com/portuguese/articles/cqq9zw3y4kro
O polêmico general americano que inspirou sobrenome de Rita Lee;https://www.bbc.com/portuguese/articles/c8877j8ylx9o
A surpreendente história do piloto que sobreviveu ao ser sugado por janela de avião;https://www.bbc.com/portuguese/articles/cn01q990wrpo
As pessoas que estão transformando tempo em dinheiro;https://www.bbc.com/portuguese/articles/c0vxzxjnl3yo
UCRÂNIA “Brasil abriria mão da Amazônia para terminar uma guerra?”, questiona assessor de Zelensky à CNN;https://www.cnnbrasil.com.br/internacional/brasil-abriria-mao-da-amazonia-para-terminar-uma-guerra-questiona-assessor-de-zelensky-a-cnn/
Lula regulamentará hoje a Lei Paulo Gustavo;https://www.cnnbrasil.com.br/politica/a-cnn-tarcisio-menciona-governadores-como-presidenciaveis-em-2026-sem-citar-bolsonaro/
À CNN, Trump diz que perdoará “grande parte” dos envolvidos no ataque ao Capitólio;https://www.cnnbrasil.com.br/internacional/a-cnn-trump-diz-que-perdoara-grande-parte-dos-envolvidos-no-ataque-ao-capitolio-e-nao-reconhece-que-perdeu-eleicoes/
Amazônia vale sete vezes mais em pé, cerca de R$ 1,5 tri por ano, diz Banco Mundial;https://www.cnnbrasil.com.br/economia/amazonia-vale-sete-vezes-mais-em-pe-cerca-de-r-15-tri-por-ano-diz-banco-mundial/
A força e os muitos amores da maior estrela do rock brasileiro;https://g1.globo.com/jornal-nacional/noticia/2023/05/09/rita-lee-a-voz-feminina-do-rock-nacional-tinha-muitos-amores.ghtml
'Mania de Você': os sucessos de Rita nas vozes de outros artistas;https://g1.globo.com/jornal-nacional/noticia/2023/05/09/musicas-de-rita-lee-fizeram-sucesso-tambem-nas-vozes-de-outros-artistas-confira.ghtml
Álbum de 1973 de Rita com guitarrista Lucia Turnbull ainda não saiu;https://g1.globo.com/pop-arte/musica/blog/mauro-ferreira/post/2023/05/09/rita-lee-deixa-album-gravado-com-guitarrista-lucia-turnbull-em-1973-e-ainda-sem-edicao-oficial-ha-50-anos.ghtml
Desmatamento na Amazônia pode gerar perdas de US$ 317 bi por ano;https://g1.globo.com/politica/noticia/2023/05/09/desmatamento-da-amazonia-pode-provocar-perdas-estimadas-em-us-317-bilhoes-por-ano-afirma-banco-mundial.ghtml
Imposto de Renda: vendeu carro com lucro? Saiba como pagar tributo;https://g1.globo.com/economia/imposto-de-renda/noticia/2023/05/10/imposto-de-renda-2023-quem-vendeu-o-carro-com-lucro-precisa-pagar-tributo-saiba-como.ghtml
Mãe de bebê de 2 anos que sumiu em SC e foi achado em SP é investigada;https://g1.globo.com/sp/sao-paulo/noticia/2023/05/10/mae-de-bebe-de-2-anos-desaparecido-em-sc-e-considerada-investigada-pela-policia-de-sp.ghtml
Celso Amorim deve se encontrar com Zelensky hoje ;https://g1.globo.com/politica/noticia/2023/05/10/na-ucrania-assessor-especial-de-lula-deve-se-encontrar-com-zelensky-nesta-quarta.ghtml
A acusação que levou Trump a ser 1º presidente americano condenado por abuso sexual;https://www.bbc.com/portuguese/articles/c7200q2jen2o
'Vou ser aprisionada': corte de verba pode levar 12 pessoas a morar no Hospital das Clínicas em SP;https://www.bbc.com/portuguese/articles/c721q5zx2dyo
3 fatores que explicam repetição de violência contra negros em mercados no Brasil;https://www.bbc.com/portuguese/articles/ce9xxyn2kx2o
RITA LEE Rita Lee, a rainha do rock brasileiro, morre aos 75 anos em São Paulo;https://www.cnnbrasil.com.br/entretenimento/rita-lee-morre-aos-75-anos-em-sao-paulo/
“Quem deve explicações sobre venda de decisões é Moro”, diz Gilmar Mendes à CNN;https://www.cnnbrasil.com.br/politica/quem-deve-explicacoes-sobre-venda-de-decisoes-e-moro-diz-gilmar-mendes-a-cnn/
Corpo de Rita Lee será velado hoje no Parque Ibirapuera, em São Paulo;https://www.cnnbrasil.com.br/entretenimento/corpo-de-rita-lee-sera-velado-no-parque-ibirapuera-nesta-quarta-feira-10/
Áudio revela coronel Elcio Franco, ex-número 2 da Saúde, em trama golpista;https://www.cnnbrasil.com.br/politica/audio-revela-coronel-elcio-em-trama-golpista/
Autor do pedido da CPI dos Atos Golpistas incitou atos golpistas, diz PF;https://g1.globo.com/politica/noticia/2023/05/25/pf-conclui-que-autor-do-pedido-de-cpi-dos-atos-golpistas-incitou-atos-antidemocraticos.ghtml
Justiça marca 1º julgamento de Thiago Brennand, réu por estupro;https://g1.globo.com/sp/sao-paulo/noticia/2023/05/25/justica-marca-primeiro-julgamento-de-thiago-brennand-caso-analisado-sera-o-da-suspeita-de-estupro-contra-norte-americana.ghtml
De olho na popularidade, Lula quer foco na classe média;https://g1.globo.com/politica/noticia/2023/05/25/de-olho-na-popularidade-governo-vai-focar-anuncios-na-classe-media-e-setores-com-menor-aceitacao.ghtml
Quanto mais barato o carro, maior desconto: entenda medida do governo;https://g1.globo.com/economia/noticia/2023/05/25/veja-como-vai-funcionar-medida-do-governo-para-reduzir-preco-de-carros.ghtml
STF condena Collor por corrupção e lavagem de dinheiro;https://g1.globo.com/politica/noticia/2023/05/25/stf-condena-ex-senador-fernando-collor.ghtml
Dirigente da LaLiga defende punições mais rígidas contra racismo;https://g1.globo.com/jornal-nacional/noticia/2023/05/25/dirigente-da-laliga-defende-perda-de-pontos-para-clubes-responsabilizados-por-episodios-de-racismo.ghtml
Corpo de Jeff Machado não poderá embarcar em voo para SC;https://g1.globo.com/rj/rio-de-janeiro/noticia/2023/05/25/causa-da-morte-do-ator-jeff-machado-nao-pode-ser-determinada-diz-laudo.ghtml
Como cães do ator levaram a polícia a descobrir o assassinato;https://g1.globo.com/rj/rio-de-janeiro/noticia/2023/05/25/entenda-como-caes-de-jeff-machado-foram-fundamentais-para-a-localizacao-do-corpo-do-ator.ghtml
Collor: 'impichado', inocentado e, agora, condenado na Lava Jato;https://www.bbc.com/portuguese/articles/c4npdpdx0zgo
A golpista australiana que roubou quase R$ 100 milhões e desapareceu misteriosamente;https://www.bbc.com/portuguese/articles/cyxq6wddxzpo
Por que Nova York está afundando;https://www.bbc.com/portuguese/articles/cq53nd95nweo
'Apertei botão de alarme e esvaziei aeroporto': como é viver com transtorno bipolar;https://www.bbc.com/portuguese/articles/ckvkwk855pno
Quem é Ron DeSantis, rival de Trump que lançou candidatura em entrevista a Elon Musk;https://www.bbc.com/portuguese/articles/czvkjyweerpo
'Precursoras do El Niño': o que são as ondas Kelvin detectadas no Pacífico;https://www.bbc.com/portuguese/articles/cnk0elxkyw7o
Homem paraplégico volta a andar após receber implantes no cérebro em técnica pioneira;https://www.bbc.com/portuguese/articles/c720p0z8xyno
Vulcão em erupção no México: por que Popocatépetl é um dos mais perigosos do mundo;https://www.bbc.com/portuguese/articles/c3g7804dd2vo
Tina Turner: 10 dos maiores sucessos da lenda da música;https://www.bbc.com/portuguese/articles/cnk0evz7k31o
Como caso Allan dos Santos pode frear extradição de suposto espião russo aos EUA;https://www.bbc.com/portuguese/articles/ce5zk5rr781o
Como aliança improvável de Lula e Lira levou a vitória do arcabouço fiscal na Câmara;https://www.bbc.com/portuguese/articles/ce7gxewz96eo
Por que disputa sobre petróleo na foz do Amazonas não deve levar a nova ruptura entre Lula e Marina, segundo analistas;https://www.bbc.com/portuguese/articles/c9760jj6qv6o
A rodovia que mata mais de 2 mil animais silvestres por ano;https://www.bbc.com/portuguese/articles/cxxy6jgpj6go
Eduardo Appio: por que novo juiz da Lava Jato foi afastado pela Justiça;https://www.bbc.com/portuguese/articles/cl4zk5edrrdo
Por que roubos de carro despencaram em SP na última década;https://www.bbc.com/portuguese/articles/cxxye7yezk2o
Por que Brasil está no topo de ranking de países onde mais se acredita em Deus;https://www.bbc.com/portuguese/articles/c29r21r69j8o
Fentanil: o que Brasil pode aprender com erros dos EUA;https://www.bbc.com/portuguese/articles/c4nwxjgqrwno
Guerra na Ucrânia: os paramilitares russos combatendo as tropas da Rússia;https://www.bbc.com/portuguese/articles/clk4mmygv99o
'Satanás representa quem pensa diferente': o que dizem membros do Templo Satânico nos EUA;https://www.bbc.com/portuguese/articles/c7270v1l8j4o
Tina Turner morre aos 83: como artista sobreviveu a relacionamento abusivo e se tornou lenda da música;https://www.bbc.com/portuguese/articles/c9rxzy55ngyo
Por que França decidiu proibir voos domésticos de curta duração;https://www.bbc.com/portuguese/articles/cz9nzq2pr3no
Os militares voluntários que sobreviveram a queda de avião e 2 anos em prisão nazista;https://www.bbc.com/portuguese/articles/c3g4l7e8k4jo
A busca da polícia em represa 16 anos após desaparecimento de Madeleine McCann;https://www.bbc.com/portuguese/articles/ce967j85mn6o
Após quase 2 anos de ataques, Espanha faz primeiras prisões por racismo contra Vini Jr.;https://www.bbc.com/portuguese/articles/c3g9jd05elpo
Guerra na Ucrânia: a rápida reação da Otan a 'zumbis' russos;https://www.bbc.com/portuguese/articles/crge078qy14o
A vida do político gângster assassinado ao vivo na TV na Índia;https://www.bbc.com/portuguese/articles/cg35pylglzro
As impressionantes imagens da erupção do vulcão que deixa México em alerta;https://www.bbc.com/portuguese/articles/cqez3gmg7zyo
Vídeo, O impacto de liberação de caças americanos à Ucrânia, Duration 6,54;https://www.bbc.com/portuguese/internacional-65682014
A cirurgia experimental que muda útero de lugar para manter fertilidade de paciente com câncer;https://www.bbc.com/portuguese/articles/cyd8l2qnz63o
'Perguntavam se era queimadura': a rara doença que faz pele crescer rápido;https://www.bbc.com/portuguese/articles/c4nw0e51rwyo
A 'fórmula do sucesso' usada por recrutadores do Google;https://www.bbc.com/portuguese/articles/c4n7q7e7r3ro
Espanha inventou racismo atual e tenta se provar branca, diz conselheiro do governo espanhol;https://www.bbc.com/portuguese/articles/c9rx5vywxpwo
O que é Grande Atrator, para onde se dirigem milhares de galáxias (incluindo a Via Láctea);https://www.bbc.com/portuguese/articles/cg3dqyppq86o
Como será futuro da exploração espacial após fim da Estação Internacional;https://www.bbc.com/portuguese/articles/c887dy3837do
TikTok parte para batalha judicial contra Estado americano que decidiu banir a rede social;https://www.bbc.com/portuguese/articles/c8834rvldpmo
A multa bilionária ao Facebook por descuido com dados de usuários;https://www.bbc.com/portuguese/articles/cekd7p41lmyo
O que muda na Netflix com a cobrança pelo compartilhamento de senhas;https://www.bbc.com/portuguese/articles/crgeyn37350o
Tumba de mais de mil anos descoberta no Peru revela vida luxuosa de 'senhor das águas';https://www.bbc.com/portuguese/articles/c04mln0zvpgo
A disputa entre monarquia britânica e Etiópia por devolução de restos mortais de príncipe africano;https://www.bbc.com/portuguese/articles/crg394wezneo
'Dentes de dragão', trincheiras e bunkers: imagens revelam defesas russas antes de grande ataque ucraniano;https://www.bbc.com/portuguese/articles/cql394n7qgno
'Não foi 1ª, 2ª ou 3ª': 10 vezes em que Vini Jr. foi vítima de racismo na Espanha;https://www.bbc.com/portuguese/articles/c729gypd570o
A mulher que viajou 7 horas de camelo para poder dar à luz;https://www.bbc.com/portuguese/articles/crg26dwpne9o
O presidente 'linha-dura' de um pequeno país que se tornou ídolo nas redes na América Latina;https://www.bbc.com/portuguese/articles/clm9g01zkk9o
Vini Jr.: torcida piora desempenho de jogadores vítimas de racismo, segundo estudo;https://www.bbc.com/portuguese/articles/c841nng522wo
'Vim para desaparecer': a perigosa cidade subterrânea onde vivem centenas de pessoas em Las Vegas;https://www.bbc.com/portuguese/articles/cx04wd9pw0yo
RJ Polícia prende suspeita de matar mulher com bombons envenenados no RJ;https://www.cnnbrasil.com.br/nacional/policia-prende-suspeita-de-matar-mulher-com-bombons-envenenados-no-rj/
Justiça suspende decisão que afastou Jorge Viana da presidência da Apex;https://www.cnnbrasil.com.br/economia/justica-suspende-decisao-que-afastou-jorge-viana-da-presidencia-da-apex/
Juíza que criticou STF e isolamento tem aposentadoria compulsória decretada;https://www.cnnbrasil.com.br/politica/juiza-que-criticou-ministros-do-stf-e-isolamento-social-na-pandemia-tem-aposentadoria-compulsoria-decretada/
Veja como declarar ganhos de MEI no imposto de renda de 2023;https://www.cnnbrasil.com.br/economia/veja-como-declarar-ganhos-de-mei-no-imposto-de-renda/
Tina se despediu dos palcos com desabafo: 'Não foi uma vida boa';https://g1.globo.com/pop-arte/musica/noticia/2023/05/24/em-documentario-de-2021-tina-turner-se-despediu-dos-palcos-e-desabafou-nao-foi-uma-vida-boa.ghtml
"Mega-Sena pode pagar R$ 38 milhões; veja dezenas";https://g1.globo.com/loterias/noticia/2023/05/24/mega-sena-concurso-2595-resultado.ghtml
Congresso aprova exame toxicológico obrigatório para motorista profissional;https://g1.globo.com/politica/noticia/2023/05/24/senado-aprova-retorno-de-exame-toxicologico-obrigatorio-para-motoristas-profissionais.ghtml
Os 4 recados de Arthur Lira ao governo após aprovação do arcabouço;https://g1.globo.com/politica/noticia/2023/05/24/veja-quatro-recados-de-arthur-lira-ao-governo-lula.ghtml
Moraes diz que Lula nomeou 2 novos ministros ao TSE ;https://g1.globo.com/politica/noticia/2023/05/24/moraes-diz-que-lula-nomeou-dois-novos-ministros-ao-tse.ghtml
Tina Turner lembra público recorde no Maracanã: 'Um dos melhores';https://g1.globo.com/fantastico/noticia/2023/05/24/tina-turner-falou-sobre-o-show-no-maracana-para-fantastico-em-1989-acabou-sendo-um-dos-melhores-videos-que-ja-fiz-veja-a-entrevista.ghtml
SINAL ABERTO: acompanhe a cobertura completa da GloboNews;https://g1.globo.com/globonews/ao-vivo/globonews-ao-vivo.ghtml
Shows históricos, prêmios e filmes: Tina Turner em FOTOS;https://g1.globo.com/pop-arte/noticia/2023/05/24/tina-turner-relembre-a-carreira-da-cantora-em-fotos.ghtml
As medidas bilionárias de países asiáticos para reverter queda na natalidade;https://www.bbc.com/portuguese/articles/c10q2e6q5e2o
‘Minha mãe fingiu sua morte': a inesperada descoberta de escritora ao investigar seu passado;https://www.bbc.com/portuguese/articles/cxel1dx4dglo
'China viola nosso espaço aéreo todo dia': a tensão no Japão em uma das áreas de maior rivalidade no mundo;https://www.bbc.com/portuguese/articles/ce7gp8j2y68o
'Quando vou dormir vejo os que morreram em meus braços': o drama do estresse pós-traumático na guerra;https://www.bbc.com/portuguese/articles/c51pewzp2e2o
LUTO NA MÚSICA Cantora Tina Turner, a rainha do rock ‘n’ roll, morre aos 83 anos;https://www.cnnbrasil.com.br/entretenimento/cantora-tina-turner-morre-aos-83-anos/
Tina Turner, rainha do Rock ‘n’ Roll, morre aos 83 anos;https://www.cnnbrasil.com.br/entretenimento/cantora-tina-turner-morre-aos-83-anos/
“The best”: Tina Turner deixa videoclipes marcantes de sua carreira;https://www.cnnbrasil.com.br/entretenimento/the-best-tina-turner-deixa-videoclipes-marcantes-de-sua-carreira/
Lula nomeia Floriano de Azevedo Marques e André Ramos Tavares para o TSE;https://www.cnnbrasil.com.br/politica/moraes-diz-que-lula-escolheu-floriano-de-azevedo-marques-e-andre-ramos-tavares-para-o-tse/
"Câmara rejeita todos os destaques e encerra votação; texto segue ao Senado";https://www.cnnbrasil.com.br/economia/camara-rejeita-todos-os-destaques-e-encerra-votacao-do-marco-fiscal-texto-segue-ao-senado/
Primeiro lote de restituição do imposto de renda 2023 vai pagar R$ 7,5 bilhões;https://www.cnnbrasil.com.br/economia/primeiro-lote-de-restituicao-do-imposto-de-renda-2023-vai-pagar-r-75-bilhoes-maior-valor-da-historia/
PLACAR: veja como votou cada deputado;https://g1.globo.com/politica/noticia/2023/05/17/veja-como-votaram-os-deputados-na-urgencia-do-projeto-para-o-novo-arcabouco-fiscal.ghtml
Câmara instala CPIs sobre MST, Americanas e apostas esportivas;https://g1.globo.com/politica/noticia/2023/05/17/camara-instala-3-cpis-cpi-dos-atos-golpistas-fica-esquecida.ghtml
R$ 200 mil por pênalti: os depoimentos de acusados de manipulação;https://g1.globo.com/go/goias/noticia/2023/05/17/promessa-de-mudanca-de-vida-e-ate-r-200-mil-por-penalidade-veja-o-que-jogadores-disseram-em-depoimento-ao-ministerio-publico.ghtml
"Mega-Sena sorteia R$ 8,4 milhões; veja dezenas sorteadas ";https://g1.globo.com/loterias/noticia/2023/05/17/mega-sena-concurso-2593-resultado.ghtml
"‘Golpe do aniversário’ faz vítimas pelo país; saiba se proteger";https://g1.globo.com/economia/noticia/2023/05/17/saiba-como-se-proteger-do-golpe-do-aniversario-crime-cada-vez-mais-comum-no-brasil.ghtml
Dallagnol cassado: entenda quais são os próximos passos ;https://g1.globo.com/politica/noticia/2023/05/17/apos-decisao-do-tse-mesa-da-camara-tem-que-declarar-perda-de-mandato-de-dallagnol-veja-proximos-passos.ghtml
Montana se torna 1º estado americano a banir o TikTok;https://g1.globo.com/tecnologia/noticia/2023/05/17/montana-se-torna-o-primeiro-estado-americano-a-banir-o-tiktok.ghtml
Temperatura deve atingir níveis recordes em 5 anos, alerta organização;https://g1.globo.com/jornal-nacional/noticia/2023/05/17/temperatura-global-deve-atingir-niveis-recordes-nos-proximos-5-anos-alerta-organizacao-meteorologica-mundial.ghtml
Bolsonaro sabia? O que ex-presidente deve explicar à PF sobre suspeita de fraude em cartão de vacina;https://www.bbc.com/portuguese/articles/clelzyevl3eo
Eleição na Turquia: Erdogan sai vitorioso, mesmo com decisão adiada para 2º turno;https://www.bbc.com/portuguese/articles/cxrdlgny92go
Projeto A119, o plano ultrassecreto dos EUA para detonar uma bomba de hidrogênio na Lua que nunca foi realizado;https://www.bbc.com/portuguese/articles/c3gpw1vzwvgo
'Minha doença é uma bomba-relógio, mas agradeço por ainda poder andar';https://www.bbc.com/portuguese/articles/cgrgd4xr0r7o
Como técnicas brasileiras de garimpo impulsionaram 'maior desastre ambiental' de região na Colômbia;https://www.bbc.com/portuguese/articles/c894lpde888o
O piloto cego que dirige carros de corrida a 180 km/h;https://www.bbc.com/portuguese/articles/c720v374nx7o
Expectativa x realidade: por que não devemos romantizar a maternidade?;https://www.bbc.com/portuguese/articles/c2v5z773lldo
Por que Ferrari resiste a eliminar motor a combustão;https://www.bbc.com/portuguese/articles/crgx82p8d3vo
O ressurgimento do kouri-vini, língua perdida dos EUA nascida da escravidão;https://www.bbc.com/portuguese/articles/c4nwxw447w1o
Como Marília Mendonça continua a ser fenômeno após sua morte;https://www.bbc.com/portuguese/articles/ckrk07gg2reo
A rica herdeira enterrada viva pelo marido em crime que chocou Índia há 30 anos;https://www.bbc.com/portuguese/articles/c2q1l5gwey9o
O professor 'louco e alarmista' que vem acertando previsões sobre inteligência artificial;https://www.bbc.com/portuguese/articles/c3gv64qmvjlo
CASSADO TSE fraudou a lei e a Constituição para me punir, diz Deltan Dallagnol;https://www.cnnbrasil.com.br/politica/tse-fraudou-a-lei-e-a-constituicao-para-me-punir-diz-dallagnol/
Com 367 votos, Câmara aprova urgência de Marco Fiscal e projeto passa a ter prioridade para ser votado;https://www.cnnbrasil.com.br/economia/camara-aprova-urgencia-do-marco-fiscal-e-projeto-deve-ser-votado-na-proxima-semana/
TSE fraudou a lei e a Constituição para me punir, diz Deltan Dallagnol;https://www.cnnbrasil.com.br/politica/tse-fraudou-a-lei-e-a-constituicao-para-me-punir-diz-dallagnol/
Cidadão americano morto durante a Guerra da Ucrânia é identificado;https://www.cnnbrasil.com.br/internacional/cidadao-americano-morto-na-ucrania-e-identificado/
CPI das apostas vai convocar jogadores, dirigentes e sites ;https://g1.globo.com/politica/noticia/2023/05/22/cpi-da-manipulacao-no-futebol-quer-ouvir-jogadores-dirigentes-e-sites-de-aposta-veja-lista.ghtml
Cid responde a todas as perguntas da PF sobre caso das joias sauditas;https://g1.globo.com/politica/noticia/2023/05/22/ex-auxiliar-de-bolsonaro-mauro-cid-responde-a-todas-as-perguntas-da-pf-sobre-caso-das-joias-sauditas.ghtml
Foz do Amazonas: Lula deve mandar Petrobras refazer estudo ;https://g1.globo.com/politica/blog/natuza-nery/post/2023/05/22/lula-deve-mandar-petrobras-refazer-estudo-sobre-exploracao-de-petroleo-na-foz-do-amazonas-no-amapa.ghtml
Receita anuncia data do 1º lote de restituição do IR, com valor recorde;https://g1.globo.com/economia/imposto-de-renda/noticia/2023/05/22/receita-abre-nessa-quarta-consultas-ao-1o-lote-do-irpf-2023-e-pagara-r-75-bilhoes-no-maior-lote-da-historia.ghtml
"INSS libera carteira que dá acesso a 'clube de vantagens'; veja como emitir";https://g1.globo.com/economia/noticia/2023/05/22/inss-libera-carteira-que-da-acesso-a-clube-de-vantagens-para-beneficiarios-veja-como-emitir.ghtml
Governo cobra Fifa e Espanha após ataques racistas a Vini Jr.;https://g1.globo.com/politica/noticia/2023/05/22/governo-repudia-ataques-racistas-a-vini-jr-e-pede-providencias-as-autoridades-da-espanha-e-a-fifa.ghtml
Ex-árbitro Paulo César de Oliveira se emociona ao comentar racismo;https://ge.globo.com/sportv/programas/selecao-sportv/noticia/2023/05/22/paulo-cesar-de-oliveira-se-emociona-ao-comentar-racismo-sofrido-por-vini-jr-esgota.ghtml
Novo decreto sobre CACs prevê reduzir limite de armas por pessoa, diz Dino;https://g1.globo.com/sp/sao-paulo/noticia/2023/05/22/minuta-de-novo-decreto-sobre-cacs-deve-ser-entregue-ao-presidente-lula-na-quarta-diz-dino.ghtml
UCRÂNIA Análise: grupo Wagner diz ter tomado Bakhmut, mas Ucrânia pode cobrar preço alto;https://www.cnnbrasil.com.br/internacional/analise-grupo-wagner-diz-ter-tomado-bakhmut-mas-ucrania-pode-cobrar-preco-alto/
Justiça Federal anula posse do presidente da Apex por não ser fluente em inglês;https://www.cnnbrasil.com.br/politica/justica-federal-anula-posse-do-presidente-da-apex-por-nao-ser-fluente-em-ingles/
Equipe de Zelensky parou de atender ligações, diz aliado de Lula à CNN sobre G7;https://www.cnnbrasil.com.br/internacional/equipe-de-zelensky-parou-de-atender-ligacoes-diz-aliado-de-lula-a-cnn-sobre-g7/
Homem pula em jacaré para resgatar cachorro de estimação após ataque;https://www.cnnbrasil.com.br/internacional/homem-pula-em-jacare-para-resgatar-cachorro-de-estimacao-apos-ataque/
Esposa diz à PF que Cid é responsável por cartão falso de vacina;https://g1.globo.com/politica/noticia/2023/05/19/esposa-de-mauro-cid-admite-a-policia-federal-que-usou-certificado-de-vacinacao-falso.ghtml
PF apura se governo Bolsonaro tinha 'fábrica' de cartões falsos de vacina;https://g1.globo.com/politica/blog/valdo-cruz/post/2023/05/19/pf-investiga-se-mauro-cid-usou-esquema-de-fraudes-de-vacinacao-no-governo-bolsonaro.ghtml
Passamos muito tempo falando de juros, precisamos de reformas, diz Campos Neto;https://g1.globo.com/economia/noticia/2023/05/19/precisamos-focar-em-reformas-estruturais-diz-campos-neto.ghtml
Fraude no futebol: mulher de acusado movimentou R$ 2 milhões;https://g1.globo.com/go/goias/noticia/2023/05/19/esposa-de-acusado-de-chefiar-fraude-no-futebol-movimentou-mais-de-r-2-milhoes-em-9-meses-com-dinheiro-do-esquema-diz-mp.ghtml
VÍDEO: polícia prende 10 escondidos em bunker do tráfico no Rio;https://g1.globo.com/rj/rio-de-janeiro/noticia/2023/05/19/bunker-em-ong-onde-10-traficantes-foram-presos-tinha-porta-automatica-dois-comodos-e-saida-para-fuga.ghtml
Cantora Tati Zaqui acusa ator Thomaz Costa de violência doméstica ;https://g1.globo.com/sp/sao-paulo/noticia/2023/05/19/cantora-tati-zaqui-acusa-ator-thomaz-costa-de-violencia-domestica-com-ameaca-de-faca-e-mordidas-nas-pernas.ghtml
Rapper Filipe Ret tem carro de R$ 3 milhões apreendido pela Lei Seca;https://g1.globo.com/rj/rio-de-janeiro/noticia/2023/05/19/rapper-filipe-ret-tem-carro-avaliado-em-r-3-milhoes-apreendido-em-blitz-da-lei-seca.ghtml
Becari alega ameaças e desmarca depoimento sobre anel de Carla Diaz;https://g1.globo.com/sp/sao-paulo/noticia/2023/05/19/deputado-felipe-becari-investigado-por-anel-de-noivado-dado-a-atriz-carla-diaz-alega-ameacas-e-desmarca-depoimento-a-policia-por-seguranca.ghtml
Burger King será investigado após funcionário relatar xixi nas calças;https://g1.globo.com/se/sergipe/noticia/2023/05/19/mpt-vai-investigar-burger-king-no-caso-de-funcionario-que-diz-ter-feito-xixi-nas-calcas.ghtml
Por que G7 convidou Brasil e outros 7 países para cúpula no Japão;https://www.bbc.com/portuguese/articles/c727yzypv8xo
A história que levou o Butão a se tornar peça-chave nas disputas entre China e Índia;https://www.bbc.com/portuguese/articles/cyey2k6zr7jo
"ANÁLISE Contraofensiva ucraniana está envolta em confusão; talvez esse seja o plano";https://www.cnnbrasil.com.br/internacional/analise-contraofensiva-ucraniana-esta-envolta-em-confusao-talvez-esse-seja-o-plano/
Esposa de Mauro Cid admite à PF que usou certificado de vacinação falso;https://www.cnnbrasil.com.br/politica/esposa-de-mauro-cid-admite-a-pf-que-usou-certificado-de-vacinacao-falso/
Zelensky quer se encontrar com Lula na cúpula do G7 ;https://www.cnnbrasil.com.br/internacional/zelensky-quer-se-encontrar-com-lula-na-cupula-do-g7/
Saiba o que é o G7, o grupo das maiores economias do mundo;https://www.cnnbrasil.com.br/economia/saiba-o-que-e-o-g7-o-grupo-das-maiores-economias-do-mundo/
Petrobras discute nesta semana nova política de preços para diesel e gasolina;https://g1.globo.com/economia/noticia/2023/05/14/diretoria-da-petrobras-analisa-nova-politica-de-precos-para-diesel-e-gasolina-nessa-semana.ghtml
Infiltração e falta de manutenção podem ter causado queda de sacadas em prédio;https://g1.globo.com/pa/para/noticia/2023/05/14/suspeita-e-que-infiltracao-e-falta-de-manutencao-possam-ter-provocado-queda-de-sacadas-em-belem.ghtml
Policial civil mata 4 colegas em delegacia do Ceará e se entrega;https://g1.globo.com/ce/ceara/noticia/2023/05/14/policial-civil-mata-quatro-colegas-de-trabalho-e-se-entrega-em-seguida-no-ceara.ghtml
Escrivão morto pelo colega da Polícia Civil deixa três filhos;https://g1.globo.com/ce/ceara/noticia/2023/05/14/escrivao-morto-pelo-colega-de-trabalho-deixa-tres-filhos-prima-da-vitima-pede-justica.ghtml
Dino ganha fama de 'lacrador' após bate-bocas com bolsonaristas;https://g1.globo.com/politica/noticia/2023/05/14/dino-ganha-fama-de-lacrador-do-governo-apos-serie-de-bate-bocas-com-oposicao-no-congresso.ghtml
Zagueiro do Bragantino aceitou R$ 70 mil para receber cartão;https://g1.globo.com/go/goias/noticia/2023/05/14/manipulacao-de-jogos-mensagens-apontam-que-zagueiro-do-bragantino-aceitou-r-70-mil-para-receber-cartao-e-perguntou-mas-e-tudo-legal.ghtml
Apostadores ofereceram ao menos R$ 1,25 milhão para manipular jogos;https://g1.globo.com/go/goias/noticia/2023/05/14/apostadores-ofereceram-ao-menos-r-125-milhao-a-jogadores-em-esquema-de-manipulacao-r-200-mil-foram-pagos-em-adiantamento.ghtml
Jovem toma arma de policial dentro de delegacia, troca tiros e acaba morto;https://g1.globo.com/es/espirito-santo/noticia/2023/05/14/jovem-toma-arma-de-policial-dentro-de-delegacia-troca-tiros-e-acaba-morto-no-sul-do-es.ghtml
As 'duas visões opostas' que marcam corrida presidencial na Turquia;https://www.bbc.com/portuguese/articles/c4npewpj2nvo
Ucrânia não vai atacar alvos na Rússia, diz Zelensky;https://www.bbc.com/portuguese/articles/c3gjzxg9xldo
A fascinante história da ilha que deu origem à cidade de Nova York e foi vendida por US$ 1;https://www.bbc.com/portuguese/articles/c6p05772gwxo
Por que jogos de azar são proibidos e sites de apostas são permitidos no Brasil?;https://www.bbc.com/portuguese/articles/ce7g64gx1r9o
'Narcopentecostalismo': traficantes evangélicos usam religião na briga por territórios no Rio;https://www.bbc.com/portuguese/articles/cj5ej64934mo
Por que Alexandre de Moraes mandou soltar Anderson Torres após quase 4 meses na prisão;https://www.bbc.com/portuguese/articles/c10qrrv9j3po
Por que palestinos seguram chaves na Nakba, quando lamentam criação de Israel;https://www.bbc.com/portuguese/articles/c9rx1wvkwqwo
Youtuber admite ter provocado acidente de avião em busca de audiência;https://www.bbc.com/portuguese/articles/cy7p5rgddx8o
'Meu filho morreu após comer lixo': a tragédia que virou símbolo da miséria na Venezuela;https://www.bbc.com/portuguese/articles/c1688yxl77ko
Vídeo, O desastre que ameaça líder turco, no poder há duas décadas, Duration 4,54;https://www.bbc.com/portuguese/internacional-65573941
O que 2ª Guerra tem a ver com crise de alergia no Japão;https://www.bbc.com/portuguese/articles/cp91dwemvj7o
O apelo da polícia para identificar 22 mulheres assassinadas desde 1976 na Europa;https://www.bbc.com/portuguese/articles/cpr14l20r72o
'Como protegerei meu filho?': o desespero de imigrantes na fronteira dos EUA com mudança de regra;https://www.bbc.com/portuguese/articles/cw01x1k30ryo
As imagens da tensão na fronteira México-EUA às vésperas do fim de lei polêmica;https://www.bbc.com/portuguese/articles/clellzwjjd6o
A feroz batalha pelo controle dos céus da Ucrânia;https://www.bbc.com/portuguese/articles/c9xnnrpdxero
Por dentro da 'machosfera', onde homens debatem reação ao feminismo e técnicas de sedução;https://www.bbc.com/portuguese/articles/cy90kg5l955o
Como a poluição luminosa altera os sentidos das plantas;https://www.bbc.com/portuguese/articles/c0dx18dkd2vo
O trágico fim de um dos leões mais velhos do mundo;https://www.bbc.com/portuguese/articles/cd1r4yzxy9do
A campanha por jovem com doença rara que enganou celebridades e teve desfecho trágico ;https://www.bbc.com/portuguese/articles/cv2vvdw5q0vo
VIOLÊNCIA Policial civil mata quatro colegas a tiros em delegacia e é preso no Ceará;https://www.cnnbrasil.com.br/nacional/policial-civil-mata-quatro-colegas-a-tiros-em-delegacia-e-e-preso-no-ceara/
Corinthians e São Paulo ficam no empate na Neo Química Arena;https://www.cnnbrasil.com.br/esportes/majestoso-corinthians-e-sao-paulo-ficam-no-empate-na-neo-quimica-arena/
Petrobras confirma discussão para mudanças na política de preço de combustíveis;https://www.cnnbrasil.com.br/economia/petrobras-confirma-discussao-para-mudancas-na-politica-de-preco-de-combustiveis/
"Fórmula ucraniana é ""a única capaz de parar guerra"", diz Zelensky a Amorim";https://www.cnnbrasil.com.br/internacional/formula-ucraniana-e-a-unica-capaz-de-parar-guerra-diz-zelensky-a-amorim/
Grupo planejava ampliar esquema que fraudava apostas;https://g1.globo.com/go/goias/noticia/2023/05/13/aluguel-de-escritorio-lavagem-de-dinheiro-e-expectativa-de-atrair-mais-jogadores-conversas-indicam-planos-para-aumentar-esquema-de-grupo-acusado-de-manipular-jogos.ghtml
Chamadas de vídeo e comprovantes de pagamento serviram de prova;https://g1.globo.com/go/goias/noticia/2023/05/13/chamadas-de-video-com-apostador-comprovantes-de-pagamento-e-mensagens-veja-provas-apontadas-pelo-mp-que-ligam-jogadores-a-esquema-de-manipulacao-de-jogos.ghtml
"
Coritiba suspende contrato do atacante Alef Manga, citado em esquema";https://ge.globo.com/pr/blogs/blog-da-nadja/post/2023/05/13/coritiba-chega-em-acordo-com-o-staff-e-suspende-contrato-de-alef-manga.ghtml
Estelionatários roubaram R$ 4 milhões com falsas cobranças de seguradora;https://g1.globo.com/rj/rio-de-janeiro/noticia/2023/05/13/quadrilha-do-golpe-do-boleto-roubou-r-4-milhoes-em-um-ano.ghtml
VÍDEO: Moradora se emociona com resgate de gato após desabamento;https://g1.globo.com/pa/para/noticia/2023/05/13/gatinho-e-resgatado-apos-desabamento-de-sacadas-em-belem-e-tutora-abraca-bombeiro-emocionada-video.ghtml
'Vi tudo caindo', diz professora que fugiu de apartamento com neta;https://g1.globo.com/pa/para/noticia/2023/05/13/caiu-tudo-de-uma-vez-eu-vi-tudo-caindo-diz-moradora-apos-13-sacadas-de-predio-residencial-desabarem-em-belem.ghtml
"Ninguém acerta as seis dezenas; prêmio vai a R$ 10 milhões";https://g1.globo.com/loterias/noticia/2023/05/13/mega-sena-concurso-2592-resultado.ghtml
Como eleição de Trump poderia mudar guerra da Ucrânia;https://www.bbc.com/portuguese/articles/c887v2j0dz8o
Erdogan: o vendedor de pães que mudou a Turquia e enfrenta teste nas urnas;https://www.bbc.com/portuguese/articles/cz768epyreeo
ÁFRICA Loonkiito, um dos leões mais velhos do mundo, é morto no Quênia;https://www.cnnbrasil.com.br/internacional/loonkiito-um-dos-leoes-mais-velhos-do-mundo-e-morto-no-quenia/
Red Bull Bragantino reage e empata com o Palmeiras no Allianz Parque;https://www.cnnbrasil.com.br/esportes/palmeiras-1-x-1-red-bull-bragantino-lei-do-ex-golaco-e-um-ponto-para-cada-lado/
Relatório do marco fiscal deve ser apresentado na próxima terça-feira;https://www.cnnbrasil.com.br/economia/relatorio-do-marco-fiscal-deve-ser-apresentado-na-proxima-terca-feira/
Torres nega interferência na PRF durante as eleições;https://g1.globo.com/politica/noticia/2023/05/08/torres-diz-a-pf-que-queria-combater-crimes-eleitorais-e-que-viagem-a-bahia-foi-ideia-do-diretor-geral-segundo-defesa.ghtml
Galípolo diretor no BC: o que significa a indicação do nº 2 de Haddad;https://g1.globo.com/economia/noticia/2023/05/08/galipolo-no-bc-economistas-veem-nome-como-enviado-do-governo-para-pressionar-por-queda-de-juros.ghtml
Quem é Dario Durigan, diretor da Meta que deve trabalhar com Haddad;https://g1.globo.com/economia/noticia/2023/05/08/quem-e-dario-durigan-diretor-da-meta-que-deve-se-tornar-novo-braco-direito-de-haddad-na-fazenda.ghtml
Nunes Marques é o relator da ação sobre a privatização da Eletrobras;https://g1.globo.com/politica/noticia/2023/05/08/nunes-marques-e-o-relator-da-acao-da-agu-que-questiona-pontos-da-privatizacao-da-eletrobras.ghtml
STF tem maioria contra decreto de Mourão assinado no 'apagar das luzes';https://g1.globo.com/economia/noticia/2023/05/08/stf-forma-maioria-para-reconhecer-medida-sobre-tributos-que-pode-render-r-58-bilhoes-ao-governo-diz-fazenda.ghtml
Caso Bruno e Dom: depoimento dos réus começa com atraso;https://g1.globo.com/am/amazonas/noticia/2023/05/08/caso-bruno-e-dom-depoimento-dos-reus-comeca-com-horas-de-atraso.ghtml
"Fotos da guerra da Ucrânia vencem o Pulitzer; veja as melhores";https://g1.globo.com/mundo/noticia/2023/05/08/veja-fotos-da-guerra-da-ucrania-que-venceram-premio-pulitzer.ghtml
"MEMES Katy Perry perdida, comparação com “Frozen” e mais; Confira os memes da coroação";https://www.cnnbrasil.com.br/internacional/katy-perry-perdida-comparacao-com-frozen-e-mais-confira-os-memes-da-coroacao/
À PF, Torres nega interferência em operação da PRF que parou eleitores de Lula no 2º turno, diz defesa;https://www.cnnbrasil.com.br/politica/torres-diz-a-pf-que-nao-interferiu-na-operacao-da-prf-que-parou-eleitores-de-lula-no-segundo-turno/
Áudio revela coronel Elcio Franco em trama golpista;https://www.cnnbrasil.com.br/politica/audio-revela-coronel-elcio-em-trama-golpista/
Vacinação fake, papel de Cid, tentativa de golpe: o que disse Bolsonaro à PF;https://g1.globo.com/politica/noticia/2023/05/16/veja-principais-pontos-do-depoimento-de-bolsonaro-a-policia-federal.ghtml
CAMAROTTI: Depoimento não ajuda Bolsonaro e complica muito Cid;https://g1.globo.com/politica/blog/gerson-camarotti/post/2023/05/16/embora-tenha-sido-cuidadoso-bolsonaro-complica-situacao-de-mauro-cid-em-depoimento.ghtml
Após indulto de Natal, STF extingue penas de prisão de Paulo Maluf;https://g1.globo.com/politica/noticia/2023/05/16/stf-extingue-penas-de-prisao-de-maluf-por-entender-que-ele-se-encaixa-nos-criterios-do-indulto-natalino.ghtml
Petrobras reduz preços do diesel e da gasolina ao menor nível desde 2021;https://g1.globo.com/economia/noticia/2023/05/16/petrobras-reduz-preco-gas-de-cozinha-gasolina-diesel.ghtml
Fluminense x Flamengo;https://ge.globo.com/rj/futebol/copa-do-brasil/jogo/16-05-2023/fluminense-flamengo.ghtml
Dólar sobe e fecha a R$ 4,94 após anúncio da Petrobras ;https://g1.globo.com/economia/noticia/2023/05/16/dolar.ghtml
Valdemar diz que também usa dinheiro vivo e defende repasses a Michelle;https://g1.globo.com/politica/noticia/2023/05/16/valdemar-costa-neto-diz-que-tambem-usa-dinheiro-vivo.ghtml
Lula diz que lei da transparência é 'criança estuprada' no governo anterior ;https://g1.globo.com/politica/noticia/2023/05/16/lula-compara-lei-de-acesso-a-informacao-com-crianca-de-11-anos-e-diz-que-foi-estuprada-no-governo-anterior.ghtml
Por que Deltan Dallagnol corre risco de perder mandato por Lei da Ficha Limpa;https://www.bbc.com/portuguese/articles/cd1z28n0n50o
O que é 'alucinação' de inteligência artificial;https://www.bbc.com/portuguese/articles/cv24066nkpqo
DEPOIMENTO À PF Bolsonaro termina depoimento após cerca de quatro horas na PF;https://www.cnnbrasil.com.br/politica/bolsonaro-depoimento-fraude-vacina/
Deltan Dallagnol perde o mandato de deputado federal após decisão unânime do TSE;https://www.cnnbrasil.com.br/politica/deltan-dallagnol-perde-mandato-apos-decisao-unanime-do-tse/
PPI é jogar autossuficiência em petróleo fora, diz Jean Paul Prates à CNN;https://www.cnnbrasil.com.br/economia/ppi-e-jogar-autossuficiencia-em-petroleo-fora-diz-jean-paul-prates-a-cnn/
Comediante irrita autoridades da China por piada e é forçado a se desculpar;https://www.cnnbrasil.com.br/internacional/comediante-de-stand-up-chines-e-forcado-a-se-desculpar-apos-piada-militar-irritar-autoridades/
Mulher de apostador usa ofensa racista contra jogador do Santos;https://g1.globo.com/go/goias/noticia/2023/05/12/nao-da-pra-confiar-nesse-macaco-mulher-de-apostador-usa-ofensa-racista-contra-jogador-do-santos-que-nao-cumpriu-acordo-em-esquema-de-manipulacao.ghtml
Porteiro acusado apenas por foto é solto após 3 anos;https://g1.globo.com/rj/rio-de-janeiro/noticia/2023/05/12/porteiro-preso-ha-3-anos-apos-reconhecimento-por-foto-e-solto.ghtml
Câmara de São Gonçalo abre processo contra vereador suspeito de assédio;https://g1.globo.com/rj/rio-de-janeiro/noticia/2023/05/13/camara-de-sao-goncalo-abre-processo-que-pode-culminar-em-cassacao-de-vereador-acusado-de-assedio-sexual-por-servidora.ghtml
EUA condenam mãe que matou filhos que ela considerava 'zumbis';https://g1.globo.com/mundo/noticia/2023/05/13/mulher-que-matou-filhos-que-ela-considerava-zumbis-e-condenada-nos-eua.ghtml
Quase 100 pessoas por dia procuram tratamento contra o glaucoma em SP;https://g1.globo.com/sp/piracicaba-regiao/noticia/2023/05/13/glaucoma-sp-tem-media-de-96-pacientes-por-dia-que-fazem-tratamento-contra-a-doenca-que-pode-levar-a-cegueira.ghtml
Por que primeiro pangenoma humano pode revolucionar a medicina;https://www.bbc.com/portuguese/articles/cv2krpn7gexo
LULA X BOLSONARO À CNN, Bolsonaro diz que vai processar Lula por falas sobre mansão e mortes na pandemia;https://www.cnnbrasil.com.br/politica/a-cnn-bolsonaro-diz-que-vai-processar-lula-por-falas-sobre-mansao-e-mortes-na-pandemia/
Se o dinheiro está caro, a culpa não é do BC, porque é malvado, mas do governo, que deve muito, diz Campos Neto à CNN;https://www.cnnbrasil.com.br/economia/se-o-dinheiro-esta-caro-a-culpa-nao-e-do-bc-porque-e-malvado-mas-do-governo-que-deve-muito-diz-campos-neto-a-cnn/
Depois de crise, Lira e Padilha se encontram para discutir arcabouço fiscal;https://www.cnnbrasil.com.br/economia/depois-de-crise-lira-e-padilha-se-encontram-para-discutir-arcabouco-fiscal/
VÍDEO: deputada Sâmia lê notícia de investigação, e Zucco desliga som;https://g1.globo.com/politica/noticia/2023/05/23/apos-deputada-citar-decisao-de-moraes-para-investigar-presidente-da-cpi-do-mst-zucco-corta-fala-e-diz-que-o-tema-nao-e-pauta.ghtml
Vini Jr. tem expulsão anulada, e Valencia é multado após racismo;https://g1.globo.com/mundo/noticia/2023/05/23/federacao-espanhola-multa-racismo-vinicius-junior.ghtml
Aeroporto internacional do Galeão, no Rio, sofre dois apagões;https://g1.globo.com/rj/rio-de-janeiro/noticia/2023/05/23/aeroporto-tom-jobim-o-galeao-tem-apagoes-na-noite-desta-terca.ghtml
Decisão do Ibama é técnica e deve ser respeitada num governo democrático, diz Marina;https://g1.globo.com/politica/noticia/2023/05/23/eventual-exploracao-na-foz-da-bacia-do-amazonas-tem-que-cumprir-a-lei-diz-marina.ghtml
Relator diz que Câmara deve votar nova regra fiscal ainda hoje;https://g1.globo.com/politica/noticia/2023/05/23/arcabouco-fiscal-relator-diz-que-camara-deve-votar-proposta-nesta-terca.ghtml
Ministros minimizam alterações em MP de restruturação do governo;https://g1.globo.com/politica/noticia/2023/05/23/ministros-do-planalto-minimizam-alteracoes-em-mp-de-restruturacao-do-governo-ministra-dos-povos-indigenas-critica-o-texto.ghtml
Atlético-MG x Athletico-PR ;https://ge.globo.com/mg/futebol/libertadores/jogo/23-05-2023/atletico-mg-atletico-pr.ghtml
Ídolo do Corinthians, Zé Maria tem prisão decretada por dívida de pensão;https://g1.globo.com/sp/sao-paulo/noticia/2023/05/23/idolo-do-corinthians-ze-maria-tem-prisao-decretada-por-deixar-de-pagar-r-82-mil-em-pensao-alimenticia.ghtml
LAVA JATO Juíza Gabriela Hardt volta a assumir processos da Lava Jato após afastamento de Appio;https://www.cnnbrasil.com.br/politica/juiza-gabriela-hardt-volta-a-assumir-processos-da-lava-jato-apos-afastamento-de-appio/
Congresso cobra reformulação da articulação política com participação de Lula;https://www.cnnbrasil.com.br/politica/congresso-cobra-reformulacao-da-articulacao-politica-com-participacao-de-lula/
Após série de articulações, Câmara deve votar novo marco fiscal nesta terça;https://www.cnnbrasil.com.br/economia/votacao-do-marco-fiscal/
Lula e Zelensky: Itamaraty relata 'pressão descabida' por reunião no G7;https://g1.globo.com/politica/blog/valdo-cruz/post/2023/05/20/itamaraty-enxerga-pressao-descabida-da-ucrania-e-lula-ainda-nao-sabe-se-aceita-reuniao-com-zelensky.ghtml
Mercenários que apoiam a Rússia dizem ter tomado cidade de Bakhmut;https://g1.globo.com/mundo/noticia/2023/05/20/grupo-wagner-que-apoia-a-russia-diz-ter-tomado-a-cidade-de-bakhmut-na-ucrania.ghtml
"Mega-Sena paga R$ 14 milhões; veja as dezenas sorteadas";https://g1.globo.com/loterias/noticia/2023/05/20/mega-sena-concurso-2594-resultado.ghtml
Nova carteira de identidade: veja perguntas e respostas ;https://g1.globo.com/df/distrito-federal/noticia/2023/05/20/nova-carteira-de-identidade-veja-perguntas-e-respostas-sobre-o-documento.ghtml
Internada em Brasília, Carla Zambelli é diagnosticada com Covid-19;https://g1.globo.com/df/distrito-federal/noticia/2023/05/20/internada-em-brasilia-carla-zambelli-e-diagnosticada-com-covid-19.ghtml
Dias Toffoli tem alta de hospital no DF e segue tratamento em casa;https://g1.globo.com/df/distrito-federal/noticia/2023/05/20/dias-toffoli-tem-alta-de-hospital-de-brasilia-e-segue-tratamento-contra-covid-em-casa.ghtml
'Vim para desaparecer': a perigosa cidade no subterrâneo de Las Vegas;https://g1.globo.com/mundo/noticia/2023/05/20/vim-para-desaparecer-a-perigosa-cidade-subterranea-onde-vivem-centenas-de-pessoas-em-las-vegas.ghtml
Número de roubos a comércios em SP quase triplica em 2023;https://g1.globo.com/sp/sao-paulo/noticia/2023/05/20/numero-de-roubos-a-comercios-na-grande-sp-quase-triplica-neste-ano-na-comparacao-com-mesmo-periodo-de-2022.ghtml
O que muda com ‘histórica’ liberação de caças americanos à Ucrânia;https://www.bbc.com/portuguese/articles/c190yr3l24xo
REAÇÃO AO G7 Rússia alerta Ocidente para “riscos enormes” caso Ucrânia receba caças F-16;https://www.cnnbrasil.com.br/internacional/russia-alerta-ocidente-para-riscos-enormes-caso-ucrania-receba-cacas-f-16/
Lula não responde a convites para encontros bilaterais feitos por Biden e Zelensky;https://www.cnnbrasil.com.br/internacional/lula-nao-responde-a-convites-para-encontros-bilaterais-feitos-por-biden-e-zelensky/
China critica G7 e diz que cúpula interferiu em seus assuntos internos;https://www.cnnbrasil.com.br/internacional/china-critica-declaracao-conjunta-do-g7-e-diz-que-cupula-interferiu-em-seus-assuntos-internos/
Laudo da PF comprova escuta ilegal da Lava Jato contra Youssef e outros presos;https://www.cnnbrasil.com.br/politica/laudo-da-pf-comprova-escuta-ilegal-da-lava-jato-contra-youssef-e-outros-presos-conheca-detalhes/
Com dívida de R$ 11 bi, Light pede recuperação judicial;https://g1.globo.com/economia/noticia/2023/05/12/light-entra-com-pedido-de-recuperacao-judicial-com-divida-de-r-11-bilhoes.ghtml
PF apreende celular de chefe do setor de presentes de Bolsonaro;https://g1.globo.com/rj/rio-de-janeiro/noticia/2023/05/12/pf-faz-buscas-contra-ex-funcionario-da-presidencia.ghtml
Fraude no Brasileirão: apostadores usam robôs e laranjas no esquema;https://g1.globo.com/go/goias/noticia/2023/05/12/robos-contas-em-nomes-de-terceiros-e-laranjas-para-receber-valores-veja-estrategias-de-apostadores-para-nao-serem-pegos-em-esquema-de-fraudes.ghtml
Por que os bilionários da tecnologia estão perdendo dinheiro;https://g1.globo.com/tecnologia/noticia/2023/05/12/musk-zuckerberg-e-bill-gates-por-que-os-bilionarios-da-tecnologia-estao-perdendo-dinheiro-em-2023.ghtml
'Não tinha preocupação se ia me ferir', diz empresária que andou sobre vidro;https://g1.globo.com/sp/sao-paulo/noticia/2023/05/12/nao-tinha-preocupacao-se-ia-me-ferir-machucar-diz-empresaria-que-andou-sobre-cacos-de-vidro-em-evento-em-hotel-de-luxo-em-sp.ghtml
PM agride aluno dentro de escola, morte em metrô nos EUA e mais vídeos;https://g1.globo.com/playlist/videos-para-assistir-agora.ghtml
Desmatamento na Amazônia cai 68% em abril e tem 1ª grande queda com Lula;https://g1.globo.com/meio-ambiente/noticia/2023/05/12/desmatamento-na-amazonia-cai-68-em-abril-primeira-grande-queda-no-governo-lula.ghtml
Líderes avaliam que Lula 'entendeu o recado' após derrota no Congresso;https://g1.globo.com/politica/blog/valdo-cruz/post/2023/05/12/apos-pressao-por-liberacao-de-emendas-lideres-aliados-apostam-na-aprovacao-da-nova-regra-fiscal.ghtml
AMÉRICA DO SUL Brasil assina hoje acordo inédito com países do Mercosul para combater discursos de ódio;https://www.cnnbrasil.com.br/politica/brasil-assina-acordo-inedito-com-paises-do-mercosul-para-combater-discursos-de-odio/
PF faz buscas contra ex-funcionário da Presidência responsável por presentes no governo Bolsonaro;https://www.cnnbrasil.com.br/nacional/pf-faz-buscas-contra-ex-funcionario-da-presidencia-responsavel-por-presentes-no-governo-bolsonaro/
"Inflação desacelera a 0,61% em abril; nos últimos 12 meses, índice é de 4,18%";https://www.cnnbrasil.com.br/economia/inflacao-desacelera-a-061-em-abril-diz-ibge/
Dólar fecha abaixo de R$ 4,90 pela 1ª vez em quase um ano;https://g1.globo.com/economia/noticia/2023/05/15/dolar.ghtml
Decisão de Barroso libera pagamento do piso da enfermagem;https://g1.globo.com/politica/noticia/2023/05/15/barroso-revoga-suspensao-do-piso-nacional-da-enfermagem.ghtml
Argentina eleva juros a 97% em plano para conter hiperinflação;https://g1.globo.com/economia/noticia/2023/05/15/argentina-eleva-taxa-de-juros-a-97percent-em-plano-para-conter-hiperinflacao.ghtml
Nova regra fiscal: Lula quer blindar salário mínimo e Bolsa Família;https://g1.globo.com/politica/blog/valdo-cruz/post/2023/05/15/lula-aceita-gatilhos-na-nova-regra-fiscal-desde-que-nao-impecam-aumento-real-do-minimo-e-reajuste-do-bolsa-familia.ghtml
JULIA DUAILIBI: em reunião, Lula reclama de ‘tumulto’ do PT;https://g1.globo.com/politica/blog/julia-duailibi/post/2023/05/15/em-reuniao-sobre-articulacao-politica-lula-reclama-de-tumulto-do-pt.ghtml
Mensagens mostram Cid orientando pagamentos de Michelle em espécie;https://g1.globo.com/politica/noticia/2023/05/15/mensagens-mostram-coronel-cid-orientando-transacoes-em-dinheiro-vivo-para-pagar-despesas-de-michelle-bolsonaro-e-parentes.ghtml
ANA FLOR: Fica mais difícil para Bolsonaro se descolar de Cid;https://g1.globo.com/economia/blog/ana-flor/post/2023/05/15/a-medida-que-investigacao-avanca-fica-mais-dificil-para-bolsonaro-alegar-que-nao-sabia-de-acoes-de-cid.ghtml
Moraes autoriza PF a acessar dados de celulares de presos no 8 de janeiro;https://g1.globo.com/politica/noticia/2023/05/15/moraes-autoriza-pf-a-acessar-e-analisar-dados-de-celulares-apreendidos-com-presos-nos-atos-golpistas.ghtml
Amapá enfrenta surto de síndromes gripais e respiratórias;https://g1.globo.com/jornal-nacional/noticia/2023/05/15/amapa-enfrenta-surto-de-sindromes-gripais-e-respiratorias.ghtml
'Privilégio' de Lula a evangélicos no passado favoreceu 'fundamentalismo', diz líder do Conselho de Igrejas Cristãs;https://www.bbc.com/portuguese/articles/cpvx401g3wdo
A única praia brasileira considerada 'Reserva Mundial de Surfe';https://www.bbc.com/portuguese/articles/cd1g49lj9zno
"MARÍLIA MENDONÇA Relatório de investigação sobre acidente de Marília Mendonça é divulgado pela FAB; veja conclusão";https://www.cnnbrasil.com.br/nacional/marilia-mendonca-investigacao-fab-acidente-aviao/
Haddad, Lira e relator do projeto acertam últimos detalhes e discutem possíveis alterações no texto;https://www.cnnbrasil.com.br/economia/haddad-lira-e-relator-do-novo-marco-fiscal-acertam-ultimos-detalhes-veja-expectativa-do-mercado/
"Caso Marília Mendonça: relatório menciona “avaliação inadequada” de piloto durante pouso; entenda";https://www.cnnbrasil.com.br/nacional/relatorio-nao-indica-erro-humano-ou-falha-mecanica-em-acidente-que-matou-marilia-mendonca-diz-advogado/
"Apoio de candidato da ""terceira via"" pode ser crucial para eleição turca; entenda";https://www.cnnbrasil.com.br/internacional/apoio-de-candidato-da-terceira-via-pode-ser-crucial-para-segundo-turno-na-turquia-entenda/
Mata Atlântica sob alerta: recuperação de áreas depende de metas ambiciosas;https://g1.globo.com/meio-ambiente/noticia/2023/05/27/mata-atlantica-vive-novas-ameacas-com-brechas-em-lei-e-desmate-em-alta-projetos-sao-esperanca-de-recuperacao.ghtml
CPI dos Atos Golpistas recebe pedidos para 48 quebras de sigilo e 244 depoimentos;https://g1.globo.com/politica/noticia/2023/05/27/em-48h-cpi-dos-atos-golpistas-recebeu-48-pedidos-de-quebras-de-sigilo.ghtml
Alunos de medicina do Fies cogitam largar curso por causa da alta de mensalidades;https://g1.globo.com/educacao/noticia/2023/05/27/alunos-de-medicina-do-fies-cogitam-largar-curso-por-causa-de-teto-do-financiamento-e-alta-de-mensalidades.ghtml
Professora é afastada após suspeita de dificultar respiração de aluno autista ;https://g1.globo.com/educacao/noticia/2023/05/27/professora-de-creche-municipal-e-afastada-apos-suspeita-de-dificultar-respiracao-de-aluno-autista.ghtml
2º turno da Turquia tem campanha de desinformação com vídeo falso;https://g1.globo.com/mundo/blog/sandra-cohen/post/2023/05/27/campanha-de-desinformacao-esquenta-o-segundo-turno-da-turquia.ghtml
Hurb dá novo calote e clientes são barrados em avião;https://g1.globo.com/economia/noticia/2023/05/27/passageiros-estimam-prejuizo-de-mais-de-r-10-mil-apos-serem-impedidos-de-embarcar-por-calote-do-hurb.ghtml
Tiktoker viraliza ao falar que hotel é mais barato do que apartamento;https://g1.globo.com/sp/sao-paulo/noticia/2023/05/27/morar-em-hotel-e-mais-barato-do-que-alugar-um-apartamento-tiktoker-viraliza-ao-falar-sobre-gastos.ghtml
Sidney Magal tem quadro estável, mas segue sem previsão de alta;https://g1.globo.com/sp/sao-paulo/noticia/2023/05/27/sidney-magal-tem-quadro-estavel-mas-sem-previsao-de-alta.ghtml
O que está por trás do aumento de casos de HIV entre idosos brasileiros;https://www.bbc.com/portuguese/articles/cjr1qelll11o
Os cientistas que se espantaram com a própria descoberta;https://www.bbc.com/portuguese/articles/c51ppklppyko
As habilidades profissionais que inteligência artificial ainda não consegue replicar;https://www.bbc.com/portuguese/articles/c51pddezq0go
"Vídeo, Passageiro é preso por abrir porta de avião durante voo na Coreia do Sul; veja o vídeo, Duration 0,37";https://www.bbc.com/portuguese/media-65732873
Erwin Bach, o homem que amava Tina Turner e salvou sua vida doando um rim;https://www.bbc.com/portuguese/articles/cv2d2lxnepyo
Governo não se empenhou e Congresso 'rifou' indígenas em negociação, diz deputada;https://www.bbc.com/portuguese/articles/c72j2x7xeg1o
Burnout racial: como preconceito leva pessoas negras ao esgotamento;https://www.bbc.com/portuguese/articles/ckk4k2l99qxo
Como inteligência artificial ajudou a criar antibiótico contra superbactéria mortal;https://www.bbc.com/portuguese/articles/cl4z4n30mddo
Os 'erros de projeto' da natureza no corpo humano;https://www.bbc.com/portuguese/articles/c84r474lwklo
Militares brasileiros não pediram apoio para golpe, diz general dos EUA;https://www.bbc.com/portuguese/articles/c9xnzx9dg6go
Como funcionará programa do governo que pode baratear carros no Brasil;https://www.bbc.com/portuguese/articles/c4nj1e42093o
'Sou barriga solidária pela segunda vez em dois anos';https://www.bbc.com/portuguese/articles/cxelr40m1jxo
As críticas de políticos e personalidades a derrotas do governo Lula em pautas ambientais;https://www.bbc.com/portuguese/articles/cl52k9lv3nqo
FBI revela plano para matar rainha Elizabeth 2ª durante viagem aos EUA em 1983;https://www.bbc.com/portuguese/articles/cd1r317vv46o
A moeda de platina de US$ 1 tri que EUA poderiam usar para evitar calote;https://www.bbc.com/portuguese/articles/cv2v2x996ypo
Vídeo, 'Odiava o meu rosto, mas agora tenho orgulho dele', Duration 2,43;https://www.bbc.com/portuguese/geral-65730345
5 negócios do Google e de outros gigantes que prometiam muito e fracassaram;https://www.bbc.com/portuguese/articles/crgmg5r9d8ro
Qual é a origem do petróleo? (spoiler: não vem dos dinossauros);https://www.bbc.com/portuguese/articles/cnk0e0yydelo
A golpista australiana que roubou quase R$ 100 milhões e desapareceu;https://www.bbc.com/portuguese/articles/cyxq6wddxzpo
VIRADA CULTURAL 2023 Confira programação e horários das principais atrações;https://www.cnnbrasil.com.br/entretenimento/virada-cultural-2023-confira-programacao-horarios-e-principais-atracoes/
Drones ucranianos atacam instalações de oleodutos na Rússia, diz imprensa russa;https://www.cnnbrasil.com.br/internacional/drones-ucranianos-atacam-instalacoes-de-oleodutos-na-russia-diz-imprensa-russa/
Lula faz churrasco no Palácio da Alvorada para tratar de pautas no Congresso;https://www.cnnbrasil.com.br/politica/lula-faz-churrasco-com-ministros-e-lideres-do-governo-no-alvorada-para-tratar-de-pautas-no-congresso/
Saiba se é preciso declarar ganhos com plataformas como YouTube e OnlyFans;https://www.cnnbrasil.com.br/economia/imposto-de-renda-saiba-se-e-preciso-declarar-ganhos-com-youtube-instagram-e-outras-midias-sociais/
"F1 NA BANDVerstappen desbanca Alonso e faz a pole em classificação eletrizante em MônacoCharles Leclerc foi o terceiro; Pérez bateu no Q1 e largará em último";https://www.band.uol.com.br/esportes/automobilismo/formula-1/ao-vivo/formula-1-gp-de-monaco-classificacao
Gente como a gente? Em Mônaco, pilotos têm vida comum à vista de moradores;https://www.band.uol.com.br/esportes/automobilismo/formula-1/noticias/gp-de-monaco-pilotos-f1-moradores-vida-16604981
Blog Grid: A importância de Mônaco para a F1, em uma partida de pôquer com David Coulthard;https://www.band.uol.com.br/esportes/automobilismo/blog-grid/formula-1/a-importancia-de-monaco-para-a-f1-em-uma-partida-de-poquer-com-david-coulthard
Veja a tabela e o calendário completo do Mundial de pilotos;https://www.band.uol.com.br/esportes/automobilismo/formula-1
Borussia decepciona e Bayern de Munique conquista título da Bundesliga;https://www.band.uol.com.br/esportes/futebol/placar/ao-vivo/borussia-dortmund-x-mainz-05-202056
Sem Vini Jr., Real visita Sevilla às 14h em penúltima rodada do Espanhol;https://www.band.uol.com.br/esportes/futebol/placar/ao-vivo/sevilla-x-real-madrid-202903
"Neto: Corinthians vai trazer 5 jogadores na janela; assista";https://www.band.uol.com.br/esportes/os-donos-da-bola/noticias/corinthians-vai-contratar-5-jogadores-craque-neto-16605247
Botafogo anuncia atacante Diego Hernandez;https://www.band.uol.com.br/esportes/botafogo-contrata-diego-hernandez-veja-valores-16605394
Veja lances de Nicolás de la Cruz, alvo do Flamengo;https://www.band.uol.com.br/esportes/futebol/noticias/lances-de-nicolas-de-la-cruz-na-conmebol-libertadores-2023-16605358
São Paulo anuncia o retorno de Alexandre Pato;https://www.band.uol.com.br/esportes/sao-paulo-alexandre-pato-anuncio-contratacao-16605315
Lula tentará reverter mudanças que esvaziaram ministérios;https://www.band.uol.com.br/noticias/jornal-da-band/ultimas/lula-tentara-reverter-mudancas-do-congresso-que-esvaziaram-ministerios-16605392
Lula conversa com Putin e recusa convite à Rússia;https://www.band.uol.com.br/noticias/lula-conversa-com-putin-por-telefone-e-recusa-convite-para-ir-a-russia-16605187
Juliana Rosa: programa de carro mais barato privilegiará menos poluentes;https://www.band.uol.com.br/economia/noticias/juliana-rosa-programa-de-carro-mais-barato-privilegiara-os-menos-poluentes-16605408
"Palmirinha ganhou fama aos 60 anos com Ana Maria; veja FOTOS  ";https://g1.globo.com/sp/sao-paulo/noticia/2023/05/07/palmirinha-onofre-fotos.ghtml
Artistas e famosos lamentam e prestam homenagens a Palmirinha;https://g1.globo.com/sp/sao-paulo/noticia/2023/05/07/palmirinha-veja-repercussao-da-morte-da-apresentadora-e-cozinheira.ghtml
Palmirinha com Ana Maria Braga, Bial e mais vídeos;https://g1.globo.com/playlist/morte-de-palmirinha-famosos-homenageiam-cozinheira-e-apresentadora.ghtml
Atos golpistas: STF forma maioria para tornar réus mais 250;https://g1.globo.com/politica/noticia/2023/05/07/stf-forma-maioria-para-tornar-reus-250-acusados-pelos-atos-golpistas-de-8-de-janeiro.ghtml
O que acontece quando um preso passa no Enem? Entenda;https://g1.globo.com/educacao/noticia/2023/05/07/presos-aprovados-no-enem-podem-ter-remicao-de-pena-e-direito-de-ir-a-faculdade-quero-esquecer-o-passado-diz-jovem-que-passou-em-federal.ghtml
Polícia prende 23 suspeitos de aplicar golpe do bilhete premiado;https://g1.globo.com/rs/rio-grande-do-sul/noticia/2023/05/07/golpe-do-bilhete-premiado-em-quatro-estados.ghtml
Praia Clube bate o Minas e vence a Superliga feminina de vôlei;https://ge.globo.com/volei/noticia/2023/05/07/praia-clube-se-impoe-bate-o-minas-e-e-bicampeao-da-superliga-feminina.ghtml
Como ‘vazio legal’ impulsiona consumo e venda de cogumelos psicodélicos no Brasil;https://www.bbc.com/portuguese/articles/c4nzr26p352o
A tecnologia da Primeira Guerra Mundial que está ajudando a Ucrânia a enganar a Rússia;https://www.bbc.com/portuguese/articles/c168zd53616o
Retirada de pessoas de cidade gera preocupação sobre segurança nuclear na Ucrânia;https://www.bbc.com/portuguese/articles/c0vx952jlpyo
Como foi a coroação de Charles 3º;https://www.bbc.com/portuguese/articles/cje01158037o
Coroação de Charles 3º: por que príncipe Harry não estava na sacada do palácio de Buckingham?;https://www.bbc.com/portuguese/articles/c6p9nqjq51jo
O desconhecido parentesco entre Charles 3º e a família real brasileira;https://www.bbc.com/portuguese/articles/cndgzjpnlr3o
Defesa apostará em falta de provas para desvincular Bolsonaro de fraude em vacina, dizem aliados;https://www.cnnbrasil.com.br/politica/defesa-apostara-em-falta-de-provas-para-desvincular-bolsonaro-de-fraude-em-vacina-dizem-aliados/
Morre Palmirinha, carismática apresentadora de programas culinários, aos 91 anos;https://www.cnnbrasil.com.br/entretenimento/palmirinha-onofre-morre-aos-91-anos/
Os filhos da rainha Camilla Parker terão algum direito real? Entenda;https://www.cnnbrasil.com.br/internacional/os-filhos-da-rainha-camilla-terao-algum-direito-real-entenda/
